repo,url,status,notes
0ut0fcontrol/test_openff,https://github.com/0ut0fcontrol/test_openff,auto,
ACoraor/OpenMM-Tools,https://github.com/ACoraor/OpenMM-Tools,auto,
AIB001/PRISM,https://github.com/AIB001/PRISM,auto,
AaronXu9/CogliandBench,https://github.com/AaronXu9/CogliandBench,auto,
AaronXu9/PoseBench,https://github.com/AaronXu9/PoseBench,auto,
Acellera/aceff_examples,https://github.com/Acellera/aceff_examples,auto,
Acellera/moleculekit,https://github.com/Acellera/moleculekit,auto,
Adi0521/ProPredict,https://github.com/Adi0521/ProPredict,auto,
Ameki0/ResFF,https://github.com/Ameki0/ResFF,auto,
Animosius/computational-science,https://github.com/Animosius/computational-science,auto,
BalytskyiJaroslaw/RAPID-Net,https://github.com/BalytskyiJaroslaw/RAPID-Net,auto,
BastiaanvHoorn/Fenix,https://github.com/BastiaanvHoorn/Fenix,auto,
BeBerasategi/Transformazio-alkimikoak,https://github.com/BeBerasategi/Transformazio-alkimikoak,auto,
BenCree/Protein-ligand-openmm-workflow,https://github.com/BenCree/Protein-ligand-openmm-workflow,auto,
BenCree/mace_off_types,https://github.com/BenCree/mace_off_types,auto,
BenCree/nagl_torsion,https://github.com/BenCree/nagl_torsion,auto,
BioMedAI-UCSC/openmm_generate,https://github.com/BioMedAI-UCSC/openmm_generate,auto,
BioMolDynamics/DeepPurpose-MD-Discovery,https://github.com/BioMolDynamics/DeepPurpose-MD-Discovery,auto,
BioinfoMachineLearning/MULTICOM_ligand,https://github.com/BioinfoMachineLearning/MULTICOM_ligand,auto,
BioinfoMachineLearning/PoseBench,https://github.com/BioinfoMachineLearning/PoseBench,auto,
BlacksheepJane/SurfMaker,https://github.com/BlacksheepJane/SurfMaker,auto,
Boehringer-Ingelheim/TorsionProfiler,https://github.com/Boehringer-Ingelheim/TorsionProfiler,auto,
ByteDance-Seed/bamboo_mixer,https://github.com/ByteDance-Seed/bamboo_mixer,auto,
ByteDance-Seed/byteff2,https://github.com/ByteDance-Seed/byteff2,auto,
ByteTora/teachopencadd-zh,https://github.com/ByteTora/teachopencadd-zh,auto,
CAODH/SurfDock,https://github.com/CAODH/SurfDock,auto,
CCBatIIT/Bridgeport,https://github.com/CCBatIIT/Bridgeport,auto,
CCPBioSim/CCP5_Simulation_of_BioMolecules,https://github.com/CCPBioSim/CCP5_Simulation_of_BioMolecules,auto,
CCPBioSim/biosim-analysis-workshop,https://github.com/CCPBioSim/biosim-analysis-workshop,auto,
CataAI/PoseX,https://github.com/CataAI/PoseX,auto,
ChenSTeam/Computational_docker_protocol,https://github.com/ChenSTeam/Computational_docker_protocol,auto,
Dan-Burns/eidos,https://github.com/Dan-Burns/eidos,auto,
David-Araripe/qligfepv2-BenchmarkExperiments,https://github.com/David-Araripe/qligfepv2-BenchmarkExperiments,auto,
DavidDevoogdt/IMLCV,https://github.com/DavidDevoogdt/IMLCV,auto,
Delfictus/SOTA-Dev,https://github.com/Delfictus/SOTA-Dev,auto,
DeokhyeonYoon/Practice_for_DrugDiscovery,https://github.com/DeokhyeonYoon/Practice_for_DrugDiscovery,auto,
Desperadus/StructOpt,https://github.com/Desperadus/StructOpt,auto,
EinsiaLab/Frontier-Engineering,https://github.com/EinsiaLab/Frontier-Engineering,auto,
EricBoittier/JaxPycharmm,https://github.com/EricBoittier/JaxPycharmm,auto,
EricChen521/atm,https://github.com/EricChen521/atm,auto,
Ericwang6/easybfe,https://github.com/Ericwang6/easybfe,auto,
Exscientia/StableNetGuardOwl,https://github.com/Exscientia/StableNetGuardOwl,auto,
FasikuChristian/Christian_Data_analytics,https://github.com/FasikuChristian/Christian_Data_analytics,auto,
FoldingAtHome/covid-moonshot,https://github.com/FoldingAtHome/covid-moonshot,auto,
FrankLovelace/BraggSpect,https://github.com/FrankLovelace/BraggSpect,auto,
Frostday/Agent4Molecule,https://github.com/Frostday/Agent4Molecule,auto,
GJPvWesten/acmdd,https://github.com/GJPvWesten/acmdd,auto,
Gallicchio-Lab/AToM-OpenMM,https://github.com/Gallicchio-Lab/AToM-OpenMM,auto,
Gallicchio-Lab/sbdd-on-a-laptop,https://github.com/Gallicchio-Lab/sbdd-on-a-laptop,auto,
GilsonLabUCSD/pAPRika,https://github.com/GilsonLabUCSD/pAPRika,auto,
Girish09-work/Reinvent-Scoring,https://github.com/Girish09-work/Reinvent-Scoring,auto,
Grenzlinie/MatTools,https://github.com/Grenzlinie/MatTools,auto,
HBioquant/DiffBindFR,https://github.com/HBioquant/DiffBindFR,auto,
HaoLan-compchem/blog_03_12_2025,https://github.com/HaoLan-compchem/blog_03_12_2025,auto,
HaoLan-compchem/blog_16_03_2026,https://github.com/HaoLan-compchem/blog_16_03_2026,auto,
Hekstra-Lab/EF-X-crystal-MD,https://github.com/Hekstra-Lab/EF-X-crystal-MD,auto,
HiteSit/HTS_CompChem,https://github.com/HiteSit/HTS_CompChem,auto,
HiteSit/PyMol_Fitter,https://github.com/HiteSit/PyMol_Fitter,auto,
IAlibay/alchemiscale-utilities,https://github.com/IAlibay/alchemiscale-utilities,auto,
IAlibay/partial_charge_experiments,https://github.com/IAlibay/partial_charge_experiments,auto,
InternScience/ChemClaw,https://github.com/InternScience/ChemClaw,auto,
JHoeflich1/Co_optimization_refit,https://github.com/JHoeflich1/Co_optimization_refit,auto,
JHoeflich1/OpenFFLipid,https://github.com/JHoeflich1/OpenFFLipid,auto,
JHoeflich1/Shirts_2023,https://github.com/JHoeflich1/Shirts_2023,auto,
JMorado/SCALeJ,https://github.com/JMorado/SCALeJ,auto,
JacobCote/EasyMD,https://github.com/JacobCote/EasyMD,auto,
JelfsMaterialsGroup/stko,https://github.com/JelfsMaterialsGroup/stko,auto,
Jingbang-Chen/mixup-meta-protein-simulators,https://github.com/Jingbang-Chen/mixup-meta-protein-simulators,auto,
JoeVonDahab/new_md,https://github.com/JoeVonDahab/new_md,auto,
KexinZhangResearch/PhysDock,https://github.com/KexinZhangResearch/PhysDock,auto,
Laxman44/infotube,https://github.com/Laxman44/infotube,auto,
LeifSeute/grappa-data-creation,https://github.com/LeifSeute/grappa-data-creation,auto,
LindeSchoenmaker/IMERGE-FEP,https://github.com/LindeSchoenmaker/IMERGE-FEP,auto,
LindeSchoenmaker/rhfe_gromacs,https://github.com/LindeSchoenmaker/rhfe_gromacs,auto,
MMLabCodes/data-driven-representative-models-of-biobased-complex-fluids,https://github.com/MMLabCodes/data-driven-representative-models-of-biobased-complex-fluids,auto,
MSEP-one/msep.one,https://github.com/MSEP-one/msep.one,auto,
Martin-Floor/prepare_proteins,https://github.com/Martin-Floor/prepare_proteins,auto,
MaterSim/HTOCSP,https://github.com/MaterSim/HTOCSP,auto,
MaterSim/pyocse,https://github.com/MaterSim/pyocse,auto,
MauriceKarrenbrock/HPC_Drug,https://github.com/MauriceKarrenbrock/HPC_Drug,auto,
Micaet/Molecular-Modeling-in-Drug-Discovery,https://github.com/Micaet/Molecular-Modeling-in-Drug-Discovery,auto,
Mika-Le/PPIP5K2_Pipeline_Master_Thesis,https://github.com/Mika-Le/PPIP5K2_Pipeline_Master_Thesis,auto,
MobleyLab/ConformerDependentCharges,https://github.com/MobleyLab/ConformerDependentCharges,auto,
MobleyLab/SeparatedTopologies,https://github.com/MobleyLab/SeparatedTopologies,auto,
MobleyLab/drug-computing,https://github.com/MobleyLab/drug-computing,auto,
MobleyLab/fitting-exp,https://github.com/MobleyLab/fitting-exp,auto,
MobleyLab/qm-theory-benchmark,https://github.com/MobleyLab/qm-theory-benchmark,auto,
MobleyLab/slow-rotations,https://github.com/MobleyLab/slow-rotations,auto,
MobleyLab/wbointerpolation,https://github.com/MobleyLab/wbointerpolation,auto,
MolSSI/QCEngine,https://github.com/MolSSI/QCEngine,auto,
MolSSI/mmic_openff,https://github.com/MolSSI/mmic_openff,auto,
MolecularAI/maize-contrib,https://github.com/MolecularAI/maize-contrib,auto,
MolecularAI/reinforcement-learning-active-learning,https://github.com/MolecularAI/reinforcement-learning-active-learning,auto,
Navantock/SE3Set,https://github.com/Navantock/SE3Set,auto,
NeoBinder/NeoDynamics,https://github.com/NeoBinder/NeoDynamics,auto,
NeuroAI-PNU/Drug_Discovery,https://github.com/NeuroAI-PNU/Drug_Discovery,auto,
NeuroAI-PNU/MolecularDynamics,https://github.com/NeuroAI-PNU/MolecularDynamics,auto,
NeuroAI-PNU/openmm-tutorial,https://github.com/NeuroAI-PNU/openmm-tutorial,auto,
Nithishwer/abflow,https://github.com/Nithishwer/abflow,auto,
OdinZhang/AI-Docking-Evaluation,https://github.com/OdinZhang/AI-Docking-Evaluation,auto,
Open-Catalyst-Project/om-data,https://github.com/Open-Catalyst-Project/om-data,auto,
OpenBioSim/biosimspace,https://github.com/OpenBioSim/biosimspace,auto,
OpenDrugDiscovery/openQMComputations,https://github.com/OpenDrugDiscovery/openQMComputations,auto,
OpenDrugDiscovery/openfractal-client,https://github.com/OpenDrugDiscovery/openfractal-client,auto,
OpenFreeEnergy/ExampleNotebooks,https://github.com/OpenFreeEnergy/ExampleNotebooks,auto,
OpenFreeEnergy/IndustryBenchmarks2024,https://github.com/OpenFreeEnergy/IndustryBenchmarks2024,auto,
OpenFreeEnergy/feflow,https://github.com/OpenFreeEnergy/feflow,auto,
OpenFreeEnergy/gufe,https://github.com/OpenFreeEnergy/gufe,auto,
OpenFreeEnergy/kartograf,https://github.com/OpenFreeEnergy/kartograf,auto,
OpenFreeEnergy/konnektor,https://github.com/OpenFreeEnergy/konnektor,auto,
OpenFreeEnergy/openfe,https://github.com/OpenFreeEnergy/openfe,auto,
OpenFreeEnergy/openfe-benchmarks,https://github.com/OpenFreeEnergy/openfe-benchmarks,auto,
OpenFreeEnergy/openfe-gromacs,https://github.com/OpenFreeEnergy/openfe-gromacs,auto,
OpenFreeEnergy/openfe_protocol_utils,https://github.com/OpenFreeEnergy/openfe_protocol_utils,auto,
OpenFreeEnergy/openfe_skunkworks,https://github.com/OpenFreeEnergy/openfe_skunkworks,auto,
OpenFreeEnergy/pontibus,https://github.com/OpenFreeEnergy/pontibus,auto,
PEFrankel/OpenFF-Bilayer,https://github.com/PEFrankel/OpenFF-Bilayer,auto,
PooleChem/Pyrite,https://github.com/PooleChem/Pyrite,auto,
Popov-Lab-UNC/mlimplicitsolvent-RAW,https://github.com/Popov-Lab-UNC/mlimplicitsolvent-RAW,auto,
Psivant/femto,https://github.com/Psivant/femto,auto,
QCMM/ffparaim,https://github.com/QCMM/ffparaim,auto,
QuaidAlchemy/quaid,https://github.com/QuaidAlchemy/quaid,auto,
Quantum-for-Life/fep,https://github.com/Quantum-for-Life/fep,auto,
Quantum-for-Life/openmmwrap,https://github.com/Quantum-for-Life/openmmwrap,auto,
RagnarB83/ash,https://github.com/RagnarB83/ash,auto,
RokasEl/DiastereomericResolutions,https://github.com/RokasEl/DiastereomericResolutions,auto,
SAKETH11111/MoML-CA,https://github.com/SAKETH11111/MoML-CA,auto,
SAMPEL-Group/solvent-inclusive-mlmm,https://github.com/SAMPEL-Group/solvent-inclusive-mlmm,auto,
SHervoe-Hansen/SI-Cavity-Formation,https://github.com/SHervoe-Hansen/SI-Cavity-Formation,auto,
SII-ZhangHui/MetalloDock,https://github.com/SII-ZhangHui/MetalloDock,auto,
SabariKumar/Spring2026_MLForChemicalSystems,https://github.com/SabariKumar/Spring2026_MLForChemicalSystems,auto,
Sadhvini26/CrystalGen,https://github.com/Sadhvini26/CrystalGen,auto,
SimonBoothroyd/absolv,https://github.com/SimonBoothroyd/absolv,auto,
SimonBoothroyd/befit,https://github.com/SimonBoothroyd/befit,auto,
SimonBoothroyd/binary-mixture-publication,https://github.com/SimonBoothroyd/binary-mixture-publication,auto,
SimonBoothroyd/descent-ff,https://github.com/SimonBoothroyd/descent-ff,auto,
SimonBoothroyd/gnn-charge-models,https://github.com/SimonBoothroyd/gnn-charge-models,auto,
SimonBoothroyd/molesp,https://github.com/SimonBoothroyd/molesp,auto,
SimonBoothroyd/nagl,https://github.com/SimonBoothroyd/nagl,auto,
SimonBoothroyd/nonbonded,https://github.com/SimonBoothroyd/nonbonded,auto,
SimonBoothroyd/tico,https://github.com/SimonBoothroyd/tico,auto,
SimonCrouzet/BindingMetrics,https://github.com/SimonCrouzet/BindingMetrics,auto,
Siri-chandanareddy21/Crystal,https://github.com/Siri-chandanareddy21/Crystal,auto,
SouravJoy/SOURAV-SHUKLA,https://github.com/SouravJoy/SOURAV-SHUKLA,auto,
SusannaDiV/shapesynth,https://github.com/SusannaDiV/shapesynth,auto,
SweeneyAaron/ChemEM,https://github.com/SweeneyAaron/ChemEM,auto,
THGLab/HiQBind,https://github.com/THGLab/HiQBind,auto,
Tenzo-0/SBProbMol3,https://github.com/Tenzo-0/SBProbMol3,auto,
TheHopeSharedFoundation/molecular-dynamics-tools,https://github.com/TheHopeSharedFoundation/molecular-dynamics-tools,auto,
TristanSJones/armadillo,https://github.com/TristanSJones/armadillo,auto,
UCL-CCS/TIES,https://github.com/UCL-CCS/TIES,auto,
UR-Free/OptimizePose,https://github.com/UR-Free/OptimizePose,auto,
VasilijEpishkin/chemnext,https://github.com/VasilijEpishkin/chemnext,auto,
WangXinyan940/rna-ligand-rest2,https://github.com/WangXinyan940/rna-ligand-rest2,auto,
XiangruiLi-Ray/enhanced_sampling_examples,https://github.com/XiangruiLi-Ray/enhanced_sampling_examples,auto,
Xinheng-He/DeepGlycanDock,https://github.com/Xinheng-He/DeepGlycanDock,auto,
XtalPi-XFF/2023_XFF_paper,https://github.com/XtalPi-XFF/2023_XFF_paper,auto,
Yoik/MD,https://github.com/Yoik/MD,auto,
Yoshanuikabundi/openff-binder,https://github.com/Yoshanuikabundi/openff-binder,auto,
Yoshanuikabundi/openff-pdbscan,https://github.com/Yoshanuikabundi/openff-pdbscan,auto,
aai-research-lab/FastMDSimulation,https://github.com/aai-research-lab/FastMDSimulation,auto,
abdulahadabro/Computer-aided-drug-discovery-Kit,https://github.com/abdulahadabro/Computer-aided-drug-discovery-Kit,auto,
adamlaho/AMLP,https://github.com/adamlaho/AMLP,auto,
aiscihub/valleyfeverresearch,https://github.com/aiscihub/valleyfeverresearch,auto,
ajfriedman22/PTP1B,https://github.com/ajfriedman22/PTP1B,auto,
ajfriedman22/SM_ConfGen,https://github.com/ajfriedman22/SM_ConfGen,auto,
ale94mleon/BindFlow,https://github.com/ale94mleon/BindFlow,auto,
ale94mleon/Palmiche,https://github.com/ale94mleon/Palmiche,auto,
ale94mleon/TOFF,https://github.com/ale94mleon/TOFF,auto,
alex-hh/in-silico-pgdh,https://github.com/alex-hh/in-silico-pgdh,auto,
alexisiddiqui/JAX-ENT,https://github.com/alexisiddiqui/JAX-ENT,auto,
amcisaac/geom_dash,https://github.com/amcisaac/geom_dash,auto,
amritashah/COBB-2035-Modern-Methods-in-Structure-Based-Drug-Discovery,https://github.com/amritashah/COBB-2035-Modern-Methods-in-Structure-Based-Drug-Discovery,auto,
amruthaB-Git/Teach-Open-Cadd_PAK1,https://github.com/amruthaB-Git/Teach-Open-Cadd_PAK1,auto,
amulyagarimella/fast-sequencing-AI-imputation,https://github.com/amulyagarimella/fast-sequencing-AI-imputation,auto,
anandojha/qmmmrebind,https://github.com/anandojha/qmmmrebind,auto,
andrewtarzia/topology_scrambler,https://github.com/andrewtarzia/topology_scrambler,auto,
arazthexd/molsberry,https://github.com/arazthexd/molsberry,auto,
architvasan/DrugScreeningPipeline,https://github.com/architvasan/DrugScreeningPipeline,auto,
architvasan/OpenMM_Tests_Sunspot,https://github.com/architvasan/OpenMM_Tests_Sunspot,auto,
architvasan/OpenMM_Workflow,https://github.com/architvasan/OpenMM_Workflow,auto,
architvasan/PeptideDesign_OMM,https://github.com/architvasan/PeptideDesign_OMM,auto,
architvasan/ProteinLigandMPI,https://github.com/architvasan/ProteinLigandMPI,auto,
architvasan/smallmolec_campaign,https://github.com/architvasan/smallmolec_campaign,auto,
asapdiscovery/asapdiscovery,https://github.com/asapdiscovery/asapdiscovery,auto,
atomCAD/atomCAD,https://github.com/atomCAD/atomCAD,auto,
axsk/ISOKANN.jl,https://github.com/axsk/ISOKANN.jl,auto,
azizsimx/Python-hub-crypto,https://github.com/azizsimx/Python-hub-crypto,auto,
babaid/nix-openmm-reaxff-env,https://github.com/babaid/nix-openmm-reaxff-env,auto,
barmoral/HW_openMM,https://github.com/barmoral/HW_openMM,auto,
barmoral/OpenMM_SPW,https://github.com/barmoral/OpenMM_SPW,auto,
barmoral/blanca-evaluator-cluster,https://github.com/barmoral/blanca-evaluator-cluster,auto,
barmoral/evaluator-SFEs,https://github.com/barmoral/evaluator-SFEs,auto,
barmoral/evaluator-ThermoML,https://github.com/barmoral/evaluator-ThermoML,auto,
barmoral/evaluator-blanca,https://github.com/barmoral/evaluator-blanca,auto,
barmoral/osmotic_calculations,https://github.com/barmoral/osmotic_calculations,auto,
bayer-science-for-a-better-life/abfe-benchmark,https://github.com/bayer-science-for-a-better-life/abfe-benchmark,auto,
ben-shor/DockFormer,https://github.com/ben-shor/DockFormer,auto,
benjfdup/pyclops,https://github.com/benjfdup/pyclops,auto,
bharath-raghavan/alchemist-nn,https://github.com/bharath-raghavan/alchemist-nn,auto,
bigginlab/ABFE_workflow,https://github.com/bigginlab/ABFE_workflow,auto,
biochemi/J_books,https://github.com/biochemi/J_books,auto,
bismuthadams1/ActiveLearningSandbox,https://github.com/bismuthadams1/ActiveLearningSandbox,auto,
bismuthadams1/ChargeAPI,https://github.com/bismuthadams1/ChargeAPI,auto,
bismuthadams1/ChargeCraft,https://github.com/bismuthadams1/ChargeCraft,auto,
bismuthadams1/advanced_esp_vis,https://github.com/bismuthadams1/advanced_esp_vis,auto,
bismuthadams1/charge_paper,https://github.com/bismuthadams1/charge_paper,auto,
blaso00/OpenFFGen,https://github.com/blaso00/OpenFFGen,auto,
bytedance/byteff,https://github.com/bytedance/byteff,auto,
cadenroberts/nersc-distributed-molecular-simulation,https://github.com/cadenroberts/nersc-distributed-molecular-simulation,auto,
cap-jmk-real/openmm-mixtures,https://github.com/cap-jmk-real/openmm-mixtures,auto,
carltonbiotec/Autodock_Results_sorter,https://github.com/carltonbiotec/Autodock_Results_sorter,auto,
ccdc-opensource/csd-md,https://github.com/ccdc-opensource/csd-md,auto,
chdominguez/easymd-horus,https://github.com/chdominguez/easymd-horus,auto,
chinge55/openmm_blog,https://github.com/chinge55/openmm_blog,auto,
chiyanglin-AStar/science_coding,https://github.com/chiyanglin-AStar/science_coding,auto,
choderalab/charge-datasets,https://github.com/choderalab/charge-datasets,auto,
choderalab/create-rna-nucleoside-dataset,https://github.com/choderalab/create-rna-nucleoside-dataset,auto,
choderalab/drugforge,https://github.com/choderalab/drugforge,auto,
choderalab/espaloma,https://github.com/choderalab/espaloma,auto,
choderalab/espaloma-charge,https://github.com/choderalab/espaloma-charge,auto,
choderalab/espalomax,https://github.com/choderalab/espalomax,auto,
choderalab/espfit,https://github.com/choderalab/espfit,auto,
choderalab/espfit-experiment,https://github.com/choderalab/espfit-experiment,auto,
choderalab/fah-xchem,https://github.com/choderalab/fah-xchem,auto,
choderalab/fah_prep,https://github.com/choderalab/fah_prep,auto,
choderalab/fragment-fold,https://github.com/choderalab/fragment-fold,auto,
choderalab/geometry-benchmark-espaloma,https://github.com/choderalab/geometry-benchmark-espaloma,auto,
choderalab/pale,https://github.com/choderalab/pale,auto,
choderalab/perses,https://github.com/choderalab/perses,auto,
choderalab/pl-benchmark-espaloma-experiment,https://github.com/choderalab/pl-benchmark-espaloma-experiment,auto,
choderalab/refit-espaloma,https://github.com/choderalab/refit-espaloma,auto,
choderalab/rna-espaloma,https://github.com/choderalab/rna-espaloma,auto,
choderalab/vanilla-espaloma-experiment,https://github.com/choderalab/vanilla-espaloma-experiment,auto,
cjacquemard/AutoAtomNN,https://github.com/cjacquemard/AutoAtomNN,auto,
cmelab/forcefields,https://github.com/cmelab/forcefields,auto,
cmelab/pl-validation,https://github.com/cmelab/pl-validation,auto,
colbyford/Influenza_A_2.3.4.4b_Analyses,https://github.com/colbyford/Influenza_A_2.3.4.4b_Analyses,auto,
cole-group/FEgrow,https://github.com/cole-group/FEgrow,auto,
cole-group/QUBE-SOMD-paper,https://github.com/cole-group/QUBE-SOMD-paper,auto,
cole-group/coding-retreat2022,https://github.com/cole-group/coding-retreat2022,auto,
cole-group/presto-benchmarking,https://github.com/cole-group/presto-benchmarking,auto,
compsciencelab/ATM_benchmark,https://github.com/compsciencelab/ATM_benchmark,auto,
conda-forge/de-forcefields-feedstock,https://github.com/conda-forge/de-forcefields-feedstock,auto,
conda-forge/openff-amber-ff-ports-feedstock,https://github.com/conda-forge/openff-amber-ff-ports-feedstock,auto,
conda-forge/openff-forcefields-feedstock,https://github.com/conda-forge/openff-forcefields-feedstock,auto,
conda-forge/openff-fragmenter-feedstock,https://github.com/conda-forge/openff-fragmenter-feedstock,auto,
conda-forge/openff-interchange-feedstock,https://github.com/conda-forge/openff-interchange-feedstock,auto,
conda-forge/openff-nagl-feedstock,https://github.com/conda-forge/openff-nagl-feedstock,auto,
conda-forge/openff-packmol-feedstock,https://github.com/conda-forge/openff-packmol-feedstock,auto,
conda-forge/openff-toolkit-feedstock,https://github.com/conda-forge/openff-toolkit-feedstock,auto,
conda-forge/openmmforcefields-feedstock,https://github.com/conda-forge/openmmforcefields-feedstock,auto,
connorblake1/CHEM313,https://github.com/connorblake1/CHEM313,auto,
connordavel/3d_equivalence_testing_final,https://github.com/connordavel/3d_equivalence_testing_final,auto,
connordavel/ELF_selection_tests,https://github.com/connordavel/ELF_selection_tests,auto,
connordavel/Minimum-Polymer-Tests,https://github.com/connordavel/Minimum-Polymer-Tests,auto,
connordavel/ambertools_am1_investigations,https://github.com/connordavel/ambertools_am1_investigations,auto,
connordavel/openff_polymer_testing,https://github.com/connordavel/openff_polymer_testing,auto,
coreytaylorcompchem/the_kitbag,https://github.com/coreytaylorcompchem/the_kitbag,auto,
cz2014/MatClaw,https://github.com/cz2014/MatClaw,auto,
czodrowskilab/5minfame,https://github.com/czodrowskilab/5minfame,auto,
czwiessler/sq-llm-docstring-gen-kt,https://github.com/czwiessler/sq-llm-docstring-gen-kt,auto,
darvincode/Thesis_Files,https://github.com/darvincode/Thesis_Files,auto,
davide-grheco/gbsa-pipeline,https://github.com/davide-grheco/gbsa-pipeline,auto,
deepsatflow/PDC,https://github.com/deepsatflow/PDC,auto,
degrado-lab/Ribbon-Containers,https://github.com/degrado-lab/Ribbon-Containers,auto,
degrado-lab/easyMD,https://github.com/degrado-lab/easyMD,auto,
desenyon/alcas-a1,https://github.com/desenyon/alcas-a1,auto,
dhakxls/ovm-pk,https://github.com/dhakxls/ovm-pk,auto,
dkoes/md-scripts,https://github.com/dkoes/md-scripts,auto,
dnauminator/comp-chem,https://github.com/dnauminator/comp-chem,auto,
dominicp6/mlmd,https://github.com/dominicp6/mlmd,auto,
donatiluca/MoKiTo,https://github.com/donatiluca/MoKiTo,auto,
drorlab/GLOW_IVES,https://github.com/drorlab/GLOW_IVES,auto,
dsuvlu/enantiomers,https://github.com/dsuvlu/enantiomers,auto,
elvispolimi/forcefield-condensation,https://github.com/elvispolimi/forcefield-condensation,auto,
eneskelestemur/MDSimulation,https://github.com/eneskelestemur/MDSimulation,auto,
essex-lab/grand-lig,https://github.com/essex-lab/grand-lig,auto,
essex-lab/grandlig-paper,https://github.com/essex-lab/grandlig-paper,auto,
evidencebp/pylint-intervention,https://github.com/evidencebp/pylint-intervention,auto,
fbrotzakis/Molecular_Dynamics_openmm,https://github.com/fbrotzakis/Molecular_Dynamics_openmm,auto,
fengshikun/SliDe,https://github.com/fengshikun/SliDe,auto,
ferreira68/STICkit,https://github.com/ferreira68/STICkit,auto,
fjclark/contorsion,https://github.com/fjclark/contorsion,auto,
fjclark/des-lj-fitting,https://github.com/fjclark/des-lj-fitting,auto,
fjclark/descent-workflow,https://github.com/fjclark/descent-workflow,auto,
fjclark/mace-omol-interaction-energies,https://github.com/fjclark/mace-omol-interaction-energies,auto,
fjclark/openff-smarts-matching-example,https://github.com/fjclark/openff-smarts-matching-example,auto,
forlilab/Meeko,https://github.com/forlilab/Meeko,auto,
forlilab/cosolvkit,https://github.com/forlilab/cosolvkit,auto,
forlilab/molscrub,https://github.com/forlilab/molscrub,auto,
fourmodern/toc_tutorial_colab,https://github.com/fourmodern/toc_tutorial_colab,auto,
francescopatane96/Computer_aided_drug_discovery_kit,https://github.com/francescopatane96/Computer_aided_drug_discovery_kit,auto,
fzlsfrv/7qrz_simulation,https://github.com/fzlsfrv/7qrz_simulation,auto,
fzlsfrv/Mor_simulation_,https://github.com/fzlsfrv/Mor_simulation_,auto,
gosldorf/Prod_Interchange,https://github.com/gosldorf/Prod_Interchange,auto,
graeter-group/grappa,https://github.com/graeter-group/grappa,auto,
greener-group/garnet,https://github.com/greener-group/garnet,auto,
greenrace666/biocolabs,https://github.com/greenrace666/biocolabs,auto,
hgbrian/biomodals,https://github.com/hgbrian/biomodals,auto,
hodakamori/ml-tutorial,https://github.com/hodakamori/ml-tutorial,auto,
honeyvig/byteff,https://github.com/honeyvig/byteff,auto,
hyf3513OneGO/polychain-generator,https://github.com/hyf3513OneGO/polychain-generator,auto,
ianfoster/catalysis,https://github.com/ianfoster/catalysis,auto,
icomse/7th_workshop_MD,https://github.com/icomse/7th_workshop_MD,auto,
infretis/infentory,https://github.com/infretis/infentory,auto,
infretis/inftools,https://github.com/infretis/inftools,auto,
ingcoder/unomd,https://github.com/ingcoder/unomd,auto,
inna-tsymb/structural_bioinformatics,https://github.com/inna-tsymb/structural_bioinformatics,auto,
isayevlab/Auto3D_pkg,https://github.com/isayevlab/Auto3D_pkg,auto,
itWangCode/AI-Drug-Discovery-Design,https://github.com/itWangCode/AI-Drug-Discovery-Design,auto,
iwatobipen/openmm_runner,https://github.com/iwatobipen/openmm_runner,auto,
j-degroot/ACMDD,https://github.com/j-degroot/ACMDD,auto,
jaclark5/MetaOMol25_org_smiles,https://github.com/jaclark5/MetaOMol25_org_smiles,auto,
jaclark5/Test_SPICE,https://github.com/jaclark5/Test_SPICE,auto,
jacob-votava/07_24_25_spider_webb_demo,https://github.com/jacob-votava/07_24_25_spider_webb_demo,auto,
jaeohshin/md_analysis,https://github.com/jaeohshin/md_analysis,auto,
jaketanderson/PCP1_MD,https://github.com/jaketanderson/PCP1_MD,auto,
jaketanderson/PL-ABFE-BRD4,https://github.com/jaketanderson/PL-ABFE-BRD4,auto,
jaketanderson/taproom-md,https://github.com/jaketanderson/taproom-md,auto,
janash/qcbrowse,https://github.com/janash/qcbrowse,auto,
janash/qcbrowser-prototype,https://github.com/janash/qcbrowser-prototype,auto,
jeevanbgc/molecularGlues,https://github.com/jeevanbgc/molecularGlues,auto,
jeff231li/HG-GBSA-Optimization,https://github.com/jeff231li/HG-GBSA-Optimization,auto,
jeff231li/random-scripts,https://github.com/jeff231li/random-scripts,auto,
jharrymoore/mace-md,https://github.com/jharrymoore/mace-md,auto,
jharrymoore/mace-openmm,https://github.com/jharrymoore/mace-openmm,auto,
joecampdb/codename_comodo,https://github.com/joecampdb/codename_comodo,auto,
joelaforet/polyzymd,https://github.com/joelaforet/polyzymd,auto,
joelaforet/polyzymd_builder,https://github.com/joelaforet/polyzymd_builder,auto,
jomga/MD_practice,https://github.com/jomga/MD_practice,auto,
josephdepaoloboisvert/ChiMPSS,https://github.com/josephdepaoloboisvert/ChiMPSS,auto,
jthorton/BespokeFit-PLB,https://github.com/jthorton/BespokeFit-PLB,auto,
jthorton/SPICE-SMEE,https://github.com/jthorton/SPICE-SMEE,auto,
jthorton/de-forcefields,https://github.com/jthorton/de-forcefields,auto,
jthorton/dim-smee,https://github.com/jthorton/dim-smee,auto,
jthorton/double-exp-vdw,https://github.com/jthorton/double-exp-vdw,auto,
jthorton/htf-tinker,https://github.com/jthorton/htf-tinker,auto,
jthorton/nagl-mbis,https://github.com/jthorton/nagl-mbis,auto,
jule-c/flowr,https://github.com/jule-c/flowr,auto,
jule-c/flowr_root,https://github.com/jule-c/flowr_root,auto,
jupotter37/JupOtter,https://github.com/jupotter37/JupOtter,auto,
kangk1204/duetscreen,https://github.com/kangk1204/duetscreen,auto,
kohbanye/fep-generation,https://github.com/kohbanye/fep-generation,auto,
kon-218/ligand-x,https://github.com/kon-218/ligand-x,auto,
kzfm/FMOkit,https://github.com/kzfm/FMOkit,auto,
labdao/halo,https://github.com/labdao/halo,auto,
leeping/forcebalance,https://github.com/leeping/forcebalance,auto,
lilyminium/alkane-vdw-fit,https://github.com/lilyminium/alkane-vdw-fit,auto,
lilyminium/ash-sage-rc1,https://github.com/lilyminium/ash-sage-rc1,auto,
lilyminium/evaluator-equilibration,https://github.com/lilyminium/evaluator-equilibration,auto,
lilyminium/fragment-chembl-data,https://github.com/lilyminium/fragment-chembl-data,auto,
lilyminium/interchange-simulations,https://github.com/lilyminium/interchange-simulations,auto,
lilyminium/investigating-ff-fitting-versions,https://github.com/lilyminium/investigating-ff-fitting-versions,auto,
lilyminium/nagl-am1bcc-model-fits,https://github.com/lilyminium/nagl-am1bcc-model-fits,auto,
lilyminium/nagl-mbis-refit,https://github.com/lilyminium/nagl-mbis-refit,auto,
lilyminium/openff-stats,https://github.com/lilyminium/openff-stats,auto,
lilyminium/openff-strike-team,https://github.com/lilyminium/openff-strike-team,auto,
lilyminium/polymetrizer,https://github.com/lilyminium/polymetrizer,auto,
lilyminium/profile-qc-data,https://github.com/lilyminium/profile-qc-data,auto,
lilyminium/protein-alpha-workbook,https://github.com/lilyminium/protein-alpha-workbook,auto,
lilyminium/protein-ff-fits,https://github.com/lilyminium/protein-ff-fits,auto,
lilyminium/qca-datasets-report,https://github.com/lilyminium/qca-datasets-report,auto,
lilyminium/sage-2.1.0-opc3,https://github.com/lilyminium/sage-2.1.0-opc3,auto,
lilyminium/scrapbook-projects,https://github.com/lilyminium/scrapbook-projects,auto,
lilyminium/snippets,https://github.com/lilyminium/snippets,auto,
lilyminium/thermoml-equilibration,https://github.com/lilyminium/thermoml-equilibration,auto,
lilyminium/valence-fitting,https://github.com/lilyminium/valence-fitting,auto,
lilyminium/water-properties-evaluator,https://github.com/lilyminium/water-properties-evaluator,auto,
ljmartin/ljmartin.github.io,https://github.com/ljmartin/ljmartin.github.io,auto,
louetadelie1/Medin,https://github.com/louetadelie1/Medin,auto,
lrmcdonnell/StructBio,https://github.com/lrmcdonnell/StructBio,auto,
lucl13/MD_scripts,https://github.com/lucl13/MD_scripts,auto,
lukasbaldauf/quantis,https://github.com/lukasbaldauf/quantis,auto,
luwei0917/DynamicBind,https://github.com/luwei0917/DynamicBind,auto,
lwhitm1/Shift_switch_free_energy,https://github.com/lwhitm1/Shift_switch_free_energy,auto,
maabuu/posebusters_em,https://github.com/maabuu/posebusters_em,auto,
maciek-wisniewski/MolecularDynamicsPipeline,https://github.com/maciek-wisniewski/MolecularDynamicsPipeline,auto,
madilynpaul/Espaloma-Validation,https://github.com/madilynpaul/Espaloma-Validation,auto,
magattaca/making-it-rain-jp,https://github.com/magattaca/making-it-rain-jp,auto,
maklecule/FLEXMD,https://github.com/maklecule/FLEXMD,auto,
maraxen/priox,https://github.com/maraxen/priox,auto,
maraxen/prolix,https://github.com/maraxen/prolix,auto,
maraxen/proxide,https://github.com/maraxen/proxide,auto,
martimunicoy/peleffy,https://github.com/martimunicoy/peleffy,auto,
martinez-zacharya/TRILL,https://github.com/martinez-zacharya/TRILL,auto,
materialsproject/atomate2,https://github.com/materialsproject/atomate2,auto,
materialsproject/pymatgen-core,https://github.com/materialsproject/pymatgen-core,auto,
mathilfiker/ml_for_charges,https://github.com/mathilfiker/ml_for_charges,auto,
matta-research-group/SwiftPol,https://github.com/matta-research-group/SwiftPol,auto,
matteoferla/DTC-compchem-practical,https://github.com/matteoferla/DTC-compchem-practical,auto,
matteoferla/Fragmenstein,https://github.com/matteoferla/Fragmenstein,auto,
matteoferla/Fragment-hit-follow-up-chemistry,https://github.com/matteoferla/Fragment-hit-follow-up-chemistry,auto,
mbdx6cw3/CSD-MD,https://github.com/mbdx6cw3/CSD-MD,auto,
mdsiamahmed26/Bioinformatics,https://github.com/mdsiamahmed26/Bioinformatics,auto,
meyresearch/EZDock,https://github.com/meyresearch/EZDock,auto,
michellab/AMMo,https://github.com/michellab/AMMo,auto,
michellab/BioSimSpace,https://github.com/michellab/BioSimSpace,auto,
michellab/Stapline,https://github.com/michellab/Stapline,auto,
michellab/emle-bespoke,https://github.com/michellab/emle-bespoke,auto,
michellab/fes-ml,https://github.com/michellab/fes-ml,auto,
mikemhenry/openfe-notebooks,https://github.com/mikemhenry/openfe-notebooks,auto,
milkman1017/Ribose-Chirality-MD,https://github.com/milkman1017/Ribose-Chirality-MD,auto,
mizuno-group/MolecularDynamics,https://github.com/mizuno-group/MolecularDynamics,auto,
mliu1204/clash_bot,https://github.com/mliu1204/clash_bot,auto,
mlmisha/openff-parametrization,https://github.com/mlmisha/openff-parametrization,auto,
modernatx/rna_theophylline_free_energy_calculations,https://github.com/modernatx/rna_theophylline_free_energy_calculations,auto,
molecularmodelinglab/bigbind,https://github.com/molecularmodelinglab/bigbind,auto,
molecularmodelinglab/lfm,https://github.com/molecularmodelinglab/lfm,auto,
molecularmodelinglab/plantain,https://github.com/molecularmodelinglab/plantain,auto,
molmod/openmm-tutorial-msbs,https://github.com/molmod/openmm-tutorial-msbs,auto,
momokchung/forcebalance,https://github.com/momokchung/forcebalance,auto,
mosdef-hub/foyer,https://github.com/mosdef-hub/foyer,auto,
muhammadhasyim/tps-diffusion-model,https://github.com/muhammadhasyim/tps-diffusion-model,auto,
n-kristovskiy/AI_param_tool,https://github.com/n-kristovskiy/AI_param_tool,auto,
naotriste-chenli/research-mlsr,https://github.com/naotriste-chenli/research-mlsr,auto,
nikitafedik/ml_tps_si,https://github.com/nikitafedik/ml_tps_si,auto,
ntBre/benchmarking,https://github.com/ntBre/benchmarking,auto,
ntBre/chembl-search,https://github.com/ntBre/chembl-search,auto,
ntBre/coprelos,https://github.com/ntBre/coprelos,auto,
ntBre/cura,https://github.com/ntBre/cura,auto,
ntBre/curato,https://github.com/ntBre/curato,auto,
ntBre/fast-filter,https://github.com/ntBre/fast-filter,auto,
ntBre/garage-door,https://github.com/ntBre/garage-door,auto,
ntBre/lipoma,https://github.com/ntBre/lipoma,auto,
ntBre/vflib,https://github.com/ntBre/vflib,auto,
numpde/playground,https://github.com/numpde/playground,auto,
ocmadin/LJ_surrogates,https://github.com/ocmadin/LJ_surrogates,auto,
oess/orionmdcore,https://github.com/oess/orionmdcore,auto,
ojcharles/notebooks,https://github.com/ojcharles/notebooks,auto,
olsson-group/sma-md,https://github.com/olsson-group/sma-md,auto,
olsson-group/thermodynamic-interpolation,https://github.com/olsson-group/thermodynamic-interpolation,auto,
olsson-group/transBG,https://github.com/olsson-group/transBG,auto,
omsf/OpenPharmMDFlow,https://github.com/omsf/OpenPharmMDFlow,auto,
omsf/joint-demo,https://github.com/omsf/joint-demo,auto,
openforcefield/2021-benchmarking-workshop,https://github.com/openforcefield/2021-benchmarking-workshop,auto,
openforcefield/2023-workshop-vignettes,https://github.com/openforcefield/2023-workshop-vignettes,auto,
openforcefield/2026-virtual-workshops,https://github.com/openforcefield/2026-virtual-workshops,auto,
openforcefield/MPID_plugin,https://github.com/openforcefield/MPID_plugin,auto,
openforcefield/amber-ff-porting,https://github.com/openforcefield/amber-ff-porting,auto,
openforcefield/anything-goes,https://github.com/openforcefield/anything-goes,auto,
openforcefield/ash-sage-rc2,https://github.com/openforcefield/ash-sage-rc2,auto,
openforcefield/ashgc-v1.0-fit,https://github.com/openforcefield/ashgc-v1.0-fit,auto,
openforcefield/back-to-school-jen,https://github.com/openforcefield/back-to-school-jen,auto,
openforcefield/back-to-school-josh,https://github.com/openforcefield/back-to-school-josh,auto,
openforcefield/back-to-school-matt,https://github.com/openforcefield/back-to-school-matt,auto,
openforcefield/besmarts-smee-refit,https://github.com/openforcefield/besmarts-smee-refit,auto,
openforcefield/ccpbiosim-2023,https://github.com/openforcefield/ccpbiosim-2023,auto,
openforcefield/cheminformatics-toolkit-equivalence,https://github.com/openforcefield/cheminformatics-toolkit-equivalence,auto,
openforcefield/descent,https://github.com/openforcefield/descent,auto,
openforcefield/dimsim,https://github.com/openforcefield/dimsim,auto,
openforcefield/diverse-dataset-discovery,https://github.com/openforcefield/diverse-dataset-discovery,auto,
openforcefield/interchange-regression-testing,https://github.com/openforcefield/interchange-regression-testing,auto,
openforcefield/interchange-workshop-2022,https://github.com/openforcefield/interchange-workshop-2022,auto,
openforcefield/openff-amber-ff-ports,https://github.com/openforcefield/openff-amber-ff-ports,auto,
openforcefield/openff-bespokefit,https://github.com/openforcefield/openff-bespokefit,auto,
openforcefield/openff-docs,https://github.com/openforcefield/openff-docs,auto,
openforcefield/openff-evaluator,https://github.com/openforcefield/openff-evaluator,auto,
openforcefield/openff-forcefields,https://github.com/openforcefield/openff-forcefields,auto,
openforcefield/openff-fragmenter,https://github.com/openforcefield/openff-fragmenter,auto,
openforcefield/openff-interchange,https://github.com/openforcefield/openff-interchange,auto,
openforcefield/openff-nagl,https://github.com/openforcefield/openff-nagl,auto,
openforcefield/openff-nagl-models,https://github.com/openforcefield/openff-nagl-models,auto,
openforcefield/openff-pablo,https://github.com/openforcefield/openff-pablo,auto,
openforcefield/openff-packmol,https://github.com/openforcefield/openff-packmol,auto,
openforcefield/openff-qcsubmit,https://github.com/openforcefield/openff-qcsubmit,auto,
openforcefield/openff-recharge,https://github.com/openforcefield/openff-recharge,auto,
openforcefield/openff-reference,https://github.com/openforcefield/openff-reference,auto,
openforcefield/openff-sage,https://github.com/openforcefield/openff-sage,auto,
openforcefield/openff-sphinx-theme,https://github.com/openforcefield/openff-sphinx-theme,auto,
openforcefield/openff-toolkit,https://github.com/openforcefield/openff-toolkit,auto,
openforcefield/openff-units,https://github.com/openforcefield/openff-units,auto,
openforcefield/openff-utilities,https://github.com/openforcefield/openff-utilities,auto,
openforcefield/polymer_examples,https://github.com/openforcefield/polymer_examples,auto,
openforcefield/protein-ligand-benchmark,https://github.com/openforcefield/protein-ligand-benchmark,auto,
openforcefield/protein-nmr-fit,https://github.com/openforcefield/protein-nmr-fit,auto,
openforcefield/protein-param-fit,https://github.com/openforcefield/protein-param-fit,auto,
openforcefield/proteinbenchmark,https://github.com/openforcefield/proteinbenchmark,auto,
openforcefield/ptm_prototype,https://github.com/openforcefield/ptm_prototype,auto,
openforcefield/qca-dataset-submission,https://github.com/openforcefield/qca-dataset-submission,auto,
openforcefield/qca-dataset-submission-next-test,https://github.com/openforcefield/qca-dataset-submission-next-test,auto,
openforcefield/rdkit_ugm_2024_demo,https://github.com/openforcefield/rdkit_ugm_2024_demo,auto,
openforcefield/rdkit_ugm_2025_demo,https://github.com/openforcefield/rdkit_ugm_2025_demo,auto,
openforcefield/sage-2.1.0,https://github.com/openforcefield/sage-2.1.0,auto,
openforcefield/sage-2.2.0,https://github.com/openforcefield/sage-2.2.0,auto,
openforcefield/sage-2.2.1,https://github.com/openforcefield/sage-2.2.1,auto,
openforcefield/sage-2.3.0,https://github.com/openforcefield/sage-2.3.0,auto,
openforcefield/smee,https://github.com/openforcefield/smee,auto,
openforcefield/smirnoff-plugins,https://github.com/openforcefield/smirnoff-plugins,auto,
openforcefield/symposium_2024_demo,https://github.com/openforcefield/symposium_2024_demo,auto,
openforcefield/yammbs,https://github.com/openforcefield/yammbs,auto,
openforcefield/yammbs-dataset-submission,https://github.com/openforcefield/yammbs-dataset-submission,auto,
openkinome/kinoml,https://github.com/openkinome/kinoml,auto,
openmm/nutmeg,https://github.com/openmm/nutmeg,auto,
openmm/openmm_workshops,https://github.com/openmm/openmm_workshops,auto,
openmm/openmmforcefields,https://github.com/openmm/openmmforcefields,auto,
openmm/spice-dataset,https://github.com/openmm/spice-dataset,auto,
openmm/spice-models,https://github.com/openmm/spice-models,auto,
orionarcher/pymatgen-io-openmm,https://github.com/orionarcher/pymatgen-io-openmm,auto,
osram90/whisper,https://github.com/osram90/whisper,auto,
otunmartins/FRIDGEFREENET,https://github.com/otunmartins/FRIDGEFREENET,auto,
pablo-arantes/Cloud-Bind,https://github.com/pablo-arantes/Cloud-Bind,auto,
pablo-arantes/EGB_2023,https://github.com/pablo-arantes/EGB_2023,auto,
pablo-arantes/making-it-rain,https://github.com/pablo-arantes/making-it-rain,auto,
patrickbryant1/Cfold,https://github.com/patrickbryant1/Cfold,auto,
patrickbryant1/Umol,https://github.com/patrickbryant1/Umol,auto,
pavankum/NSP_sets,https://github.com/pavankum/NSP_sets,auto,
pavankum/SFE_Calcs,https://github.com/pavankum/SFE_Calcs,auto,
pavankum/mlip_optimizer,https://github.com/pavankum/mlip_optimizer,auto,
peastman/mlipbenchmarks,https://github.com/peastman/mlipbenchmarks,auto,
pengxingang/PocketXMol,https://github.com/pengxingang/PocketXMol,auto,
pitmanme/system_builder,https://github.com/pitmanme/system_builder,auto,
plainerman/DiffDock-Pocket,https://github.com/plainerman/DiffDock-Pocket,auto,
poclab-web/streamlit-pyscf,https://github.com/poclab-web/streamlit-pyscf,auto,
pokynmr/POKY,https://github.com/pokynmr/POKY,auto,
prefix-dev/rattler-build-parser-tests,https://github.com/prefix-dev/rattler-build-parser-tests,auto,
pruethemann/squeezemd,https://github.com/pruethemann/squeezemd,auto,
quantaosun/Dock-MD-FEP,https://github.com/quantaosun/Dock-MD-FEP,auto,
quantaosun/pl3_gmx_mmpbsa,https://github.com/quantaosun/pl3_gmx_mmpbsa,auto,
quantaosun/pl4,https://github.com/quantaosun/pl4,auto,
quantaosun/webdock,https://github.com/quantaosun/webdock,auto,
qubekit/QUBEKit,https://github.com/qubekit/QUBEKit,auto,
qusers/Q,https://github.com/qusers/Q,auto,
rayhanmp/PIGNet2-Thesis,https://github.com/rayhanmp/PIGNet2-Thesis,auto,
resting-dove/funm,https://github.com/resting-dove/funm,auto,
rhjvanworkum/virtual_reactions,https://github.com/rhjvanworkum/virtual_reactions,auto,
rinikerlab/ANA2B,https://github.com/rinikerlab/ANA2B,auto,
rinikerlab/DASH-tree,https://github.com/rinikerlab/DASH-tree,auto,
rinikerlab/GNNImplicitSolvent,https://github.com/rinikerlab/GNNImplicitSolvent,auto,
rinikerlab/MD_and_NMR_Relaxometry,https://github.com/rinikerlab/MD_and_NMR_Relaxometry,auto,
rinikerlab/PyGromosTools,https://github.com/rinikerlab/PyGromosTools,auto,
rinikerlab/QM-GNNIS,https://github.com/rinikerlab/QM-GNNIS,auto,
rinikerlab/TorsionMotifTorsionAngleDistributions,https://github.com/rinikerlab/TorsionMotifTorsionAngleDistributions,auto,
rinikerlab/amp_bms,https://github.com/rinikerlab/amp_bms,auto,
rinikerlab/customETKDG,https://github.com/rinikerlab/customETKDG,auto,
rinikerlab/macrocycle-ff-validation,https://github.com/rinikerlab/macrocycle-ff-validation,auto,
rinikerlab/mdfptools,https://github.com/rinikerlab/mdfptools,auto,
rinikerlab/reeds_applications,https://github.com/rinikerlab/reeds_applications,auto,
rinikerlab/rest2_ampmm,https://github.com/rinikerlab/rest2_ampmm,auto,
rohitium/nnrti-mechanisms,https://github.com/rohitium/nnrti-mechanisms,auto,
rotskoff-group/sc_committor_rates,https://github.com/rotskoff-group/sc_committor_rates,auto,
rudraprsd/custom_pymatgen,https://github.com/rudraprsd/custom_pymatgen,auto,
samuelmurail/Pep-Edit_ST,https://github.com/samuelmurail/Pep-Edit_ST,auto,
schallerdavid/mdscripts,https://github.com/schallerdavid/mdscripts,auto,
scipion-chem/scipion-chem-openmm,https://github.com/scipion-chem/scipion-chem-openmm,auto,
seekrcentral/seekrflow,https://github.com/seekrcentral/seekrflow,auto,
shehan807/MMomentA,https://github.com/shehan807/MMomentA,auto,
shehan807/mpfit-python,https://github.com/shehan807/mpfit-python,auto,
shehan807/pympfit,https://github.com/shehan807/pympfit,auto,
shirtsgroup/LLC_CG_build,https://github.com/shirtsgroup/LLC_CG_build,auto,
shirtsgroup/openff_examples,https://github.com/shirtsgroup/openff_examples,auto,
shirtsgroup/terphenyl_simulations,https://github.com/shirtsgroup/terphenyl_simulations,auto,
shogo-d-nakamura/MCP_Vina,https://github.com/shogo-d-nakamura/MCP_Vina,auto,
slochower/host-guest-benchmarks,https://github.com/slochower/host-guest-benchmarks,auto,
soulong/myScript,https://github.com/soulong/myScript,auto,
space-group-research/phast-forcefields,https://github.com/space-group-research/phast-forcefields,auto,
stef41/sentience2vec,https://github.com/stef41/sentience2vec,auto,
suleymanselim/AutoEnthalpy,https://github.com/suleymanselim/AutoEnthalpy,auto,
suleymanselim/ssBind,https://github.com/suleymanselim/ssBind,auto,
swillow/pdb2amber,https://github.com/swillow/pdb2amber,auto,
talagayev/OpenFE_Setup,https://github.com/talagayev/OpenFE_Setup,auto,
tdudgeon/simple-simulate-complex,https://github.com/tdudgeon/simple-simulate-complex,auto,
thomasjamespope/bespokefit_smee,https://github.com/thomasjamespope/bespokefit_smee,auto,
timbernat/WaSP_simulations,https://github.com/timbernat/WaSP_simulations,auto,
timbernat/polymerist,https://github.com/timbernat/polymerist,auto,
timbernat/polymerist_examples,https://github.com/timbernat/polymerist_examples,auto,
tiny-org/soap-sim,https://github.com/tiny-org/soap-sim,auto,
ubccr/ccr-examples,https://github.com/ubccr/ccr-examples,auto,
uibcdf/Academia,https://github.com/uibcdf/Academia,auto,
uibcdf/OpenPharmacophore-Tools,https://github.com/uibcdf/OpenPharmacophore-Tools,auto,
uibcdf/molsysmt,https://github.com/uibcdf/molsysmt,auto,
ur-whitelab/MDCrow,https://github.com/ur-whitelab/MDCrow,auto,
v365747/GraphCoarseningGNN,https://github.com/v365747/GraphCoarseningGNN,auto,
volkamerlab/teachopencadd,https://github.com/volkamerlab/teachopencadd,auto,
vvoelz/md_demo,https://github.com/vvoelz/md_demo,auto,
webbtheosim/GAMERS,https://github.com/webbtheosim/GAMERS,auto,
webbtheosim/md-simulation-files,https://github.com/webbtheosim/md-simulation-files,auto,
westpa/westpa2_tutorials,https://github.com/westpa/westpa2_tutorials,auto,
wiederm/endstate_correction,https://github.com/wiederm/endstate_correction,auto,
wiederm/notebooks,https://github.com/wiederm/notebooks,auto,
wolberlab/OpenMMDL,https://github.com/wolberlab/OpenMMDL,auto,
woshuizhaole/MicrostateLedger2,https://github.com/woshuizhaole/MicrostateLedger2,auto,
wutobias/BayesTyper,https://github.com/wutobias/BayesTyper,auto,
wutobias/xtalmd-scripts,https://github.com/wutobias/xtalmd-scripts,auto,
wwilla7/alphas-quicksteps,https://github.com/wwilla7/alphas-quicksteps,auto,
wwilla7/dpol-water,https://github.com/wwilla7/dpol-water,auto,
wwilla7/dpolfit,https://github.com/wwilla7/dpolfit,auto,
wwilla7/factorpol,https://github.com/wwilla7/factorpol,auto,
wwilla7/factorpol-benchmarks-scripts,https://github.com/wwilla7/factorpol-benchmarks-scripts,auto,
xuwenwu/molssi,https://github.com/xuwenwu/molssi,auto,
xxdnb123/generative_model_25fall,https://github.com/xxdnb123/generative_model_25fall,auto,
yaledeus/PVB,https://github.com/yaledeus/PVB,auto,
yashpatel5400/clean_idp_rl,https://github.com/yashpatel5400/clean_idp_rl,auto,
yasuyuki-kourogi/hsa-binding-pose-ml,https://github.com/yasuyuki-kourogi/hsa-binding-pose-ml,auto,
yipy0005/Basic-Molecular-Docking-Workshop,https://github.com/yipy0005/Basic-Molecular-Docking-Workshop,auto,
youjibiying/UnbindingFlow,https://github.com/youjibiying/UnbindingFlow,auto,
yousafmaha7/ACPPred-ESM2,https://github.com/yousafmaha7/ACPPred-ESM2,auto,
yteshirogi/openmm_md,https://github.com/yteshirogi/openmm_md,auto,
yuanqing-wang/compchem-class,https://github.com/yuanqing-wang/compchem-class,auto,
yuanqing-wang/mudslide,https://github.com/yuanqing-wang/mudslide,auto,
yuanqing-wang/mule,https://github.com/yuanqing-wang/mule,auto,
yuanqing-wang/rye,https://github.com/yuanqing-wang/rye,auto,
yuxuanzhuang/batter,https://github.com/yuxuanzhuang/batter,auto,
yxnyu/SakePP,https://github.com/yxnyu/SakePP,auto,
zguo235/af3_egfr,https://github.com/zguo235/af3_egfr,auto,
zhang-ivy/perses_protein_mutations,https://github.com/zhang-ivy/perses_protein_mutations,auto,
zy-cmd/BindRNAgen,https://github.com/zy-cmd/BindRNAgen,auto,
