repo,url
0ut0fcontrol/test_openff,https://github.com/0ut0fcontrol/test_openff
ACoraor/OpenMM-Tools,https://github.com/ACoraor/OpenMM-Tools
AIB001/PRISM,https://github.com/AIB001/PRISM
AaronXu9/CogliandBench,https://github.com/AaronXu9/CogliandBench
AaronXu9/PoseBench,https://github.com/AaronXu9/PoseBench
Acellera/aceff_examples,https://github.com/Acellera/aceff_examples
Acellera/moleculekit,https://github.com/Acellera/moleculekit
Adi0521/ProPredict,https://github.com/Adi0521/ProPredict
Ameki0/ResFF,https://github.com/Ameki0/ResFF
Animosius/computational-science,https://github.com/Animosius/computational-science
BalytskyiJaroslaw/RAPID-Net,https://github.com/BalytskyiJaroslaw/RAPID-Net
BastiaanvHoorn/Fenix,https://github.com/BastiaanvHoorn/Fenix
BeBerasategi/Transformazio-alkimikoak,https://github.com/BeBerasategi/Transformazio-alkimikoak
BenCree/Protein-ligand-openmm-workflow,https://github.com/BenCree/Protein-ligand-openmm-workflow
BenCree/mace_off_types,https://github.com/BenCree/mace_off_types
BenCree/nagl_torsion,https://github.com/BenCree/nagl_torsion
BioMedAI-UCSC/openmm_generate,https://github.com/BioMedAI-UCSC/openmm_generate
BioMolDynamics/DeepPurpose-MD-Discovery,https://github.com/BioMolDynamics/DeepPurpose-MD-Discovery
BioinfoMachineLearning/MULTICOM_ligand,https://github.com/BioinfoMachineLearning/MULTICOM_ligand
BioinfoMachineLearning/PoseBench,https://github.com/BioinfoMachineLearning/PoseBench
BlacksheepJane/SurfMaker,https://github.com/BlacksheepJane/SurfMaker
Boehringer-Ingelheim/TorsionProfiler,https://github.com/Boehringer-Ingelheim/TorsionProfiler
ByteDance-Seed/bamboo_mixer,https://github.com/ByteDance-Seed/bamboo_mixer
ByteDance-Seed/byteff2,https://github.com/ByteDance-Seed/byteff2
ByteTora/teachopencadd-zh,https://github.com/ByteTora/teachopencadd-zh
CAODH/SurfDock,https://github.com/CAODH/SurfDock
CCBatIIT/Bridgeport,https://github.com/CCBatIIT/Bridgeport
CCPBioSim/CCP5_Simulation_of_BioMolecules,https://github.com/CCPBioSim/CCP5_Simulation_of_BioMolecules
CCPBioSim/biosim-analysis-workshop,https://github.com/CCPBioSim/biosim-analysis-workshop
CataAI/PoseX,https://github.com/CataAI/PoseX
ChenSTeam/Computational_docker_protocol,https://github.com/ChenSTeam/Computational_docker_protocol
Dan-Burns/eidos,https://github.com/Dan-Burns/eidos
David-Araripe/qligfepv2-BenchmarkExperiments,https://github.com/David-Araripe/qligfepv2-BenchmarkExperiments
DavidDevoogdt/IMLCV,https://github.com/DavidDevoogdt/IMLCV
Delfictus/SOTA-Dev,https://github.com/Delfictus/SOTA-Dev
DeokhyeonYoon/Practice_for_DrugDiscovery,https://github.com/DeokhyeonYoon/Practice_for_DrugDiscovery
Desperadus/StructOpt,https://github.com/Desperadus/StructOpt
EinsiaLab/Frontier-Engineering,https://github.com/EinsiaLab/Frontier-Engineering
EricBoittier/JaxPycharmm,https://github.com/EricBoittier/JaxPycharmm
EricChen521/atm,https://github.com/EricChen521/atm
Ericwang6/easybfe,https://github.com/Ericwang6/easybfe
Exscientia/StableNetGuardOwl,https://github.com/Exscientia/StableNetGuardOwl
FasikuChristian/Christian_Data_analytics,https://github.com/FasikuChristian/Christian_Data_analytics
FoldingAtHome/covid-moonshot,https://github.com/FoldingAtHome/covid-moonshot
FrankLovelace/BraggSpect,https://github.com/FrankLovelace/BraggSpect
Frostday/Agent4Molecule,https://github.com/Frostday/Agent4Molecule
GJPvWesten/acmdd,https://github.com/GJPvWesten/acmdd
Gallicchio-Lab/AToM-OpenMM,https://github.com/Gallicchio-Lab/AToM-OpenMM
Gallicchio-Lab/sbdd-on-a-laptop,https://github.com/Gallicchio-Lab/sbdd-on-a-laptop
GilsonLabUCSD/pAPRika,https://github.com/GilsonLabUCSD/pAPRika
Girish09-work/Reinvent-Scoring,https://github.com/Girish09-work/Reinvent-Scoring
Grenzlinie/MatTools,https://github.com/Grenzlinie/MatTools
HBioquant/DiffBindFR,https://github.com/HBioquant/DiffBindFR
HaoLan-compchem/blog_03_12_2025,https://github.com/HaoLan-compchem/blog_03_12_2025
HaoLan-compchem/blog_16_03_2026,https://github.com/HaoLan-compchem/blog_16_03_2026
Hekstra-Lab/EF-X-crystal-MD,https://github.com/Hekstra-Lab/EF-X-crystal-MD
HiteSit/HTS_CompChem,https://github.com/HiteSit/HTS_CompChem
HiteSit/PyMol_Fitter,https://github.com/HiteSit/PyMol_Fitter
IAlibay/alchemiscale-utilities,https://github.com/IAlibay/alchemiscale-utilities
IAlibay/partial_charge_experiments,https://github.com/IAlibay/partial_charge_experiments
InternScience/ChemClaw,https://github.com/InternScience/ChemClaw
JHoeflich1/Co_optimization_refit,https://github.com/JHoeflich1/Co_optimization_refit
JHoeflich1/OpenFFLipid,https://github.com/JHoeflich1/OpenFFLipid
JHoeflich1/Shirts_2023,https://github.com/JHoeflich1/Shirts_2023
JMorado/SCALeJ,https://github.com/JMorado/SCALeJ
JacobCote/EasyMD,https://github.com/JacobCote/EasyMD
JelfsMaterialsGroup/stko,https://github.com/JelfsMaterialsGroup/stko
Jingbang-Chen/mixup-meta-protein-simulators,https://github.com/Jingbang-Chen/mixup-meta-protein-simulators
JoeVonDahab/new_md,https://github.com/JoeVonDahab/new_md
KexinZhangResearch/PhysDock,https://github.com/KexinZhangResearch/PhysDock
Laxman44/infotube,https://github.com/Laxman44/infotube
LeifSeute/grappa-data-creation,https://github.com/LeifSeute/grappa-data-creation
LindeSchoenmaker/IMERGE-FEP,https://github.com/LindeSchoenmaker/IMERGE-FEP
LindeSchoenmaker/rhfe_gromacs,https://github.com/LindeSchoenmaker/rhfe_gromacs
MMLabCodes/data-driven-representative-models-of-biobased-complex-fluids,https://github.com/MMLabCodes/data-driven-representative-models-of-biobased-complex-fluids
MSEP-one/msep.one,https://github.com/MSEP-one/msep.one
Martin-Floor/prepare_proteins,https://github.com/Martin-Floor/prepare_proteins
MaterSim/HTOCSP,https://github.com/MaterSim/HTOCSP
MaterSim/pyocse,https://github.com/MaterSim/pyocse
MauriceKarrenbrock/HPC_Drug,https://github.com/MauriceKarrenbrock/HPC_Drug
Micaet/Molecular-Modeling-in-Drug-Discovery,https://github.com/Micaet/Molecular-Modeling-in-Drug-Discovery
Mika-Le/PPIP5K2_Pipeline_Master_Thesis,https://github.com/Mika-Le/PPIP5K2_Pipeline_Master_Thesis
MobleyLab/ConformerDependentCharges,https://github.com/MobleyLab/ConformerDependentCharges
MobleyLab/SeparatedTopologies,https://github.com/MobleyLab/SeparatedTopologies
MobleyLab/drug-computing,https://github.com/MobleyLab/drug-computing
MobleyLab/fitting-exp,https://github.com/MobleyLab/fitting-exp
MobleyLab/qm-theory-benchmark,https://github.com/MobleyLab/qm-theory-benchmark
MobleyLab/slow-rotations,https://github.com/MobleyLab/slow-rotations
MobleyLab/wbointerpolation,https://github.com/MobleyLab/wbointerpolation
MolSSI/QCEngine,https://github.com/MolSSI/QCEngine
MolSSI/mmic_openff,https://github.com/MolSSI/mmic_openff
MolecularAI/maize-contrib,https://github.com/MolecularAI/maize-contrib
MolecularAI/reinforcement-learning-active-learning,https://github.com/MolecularAI/reinforcement-learning-active-learning
Navantock/SE3Set,https://github.com/Navantock/SE3Set
NeoBinder/NeoDynamics,https://github.com/NeoBinder/NeoDynamics
NeuroAI-PNU/Drug_Discovery,https://github.com/NeuroAI-PNU/Drug_Discovery
NeuroAI-PNU/MolecularDynamics,https://github.com/NeuroAI-PNU/MolecularDynamics
NeuroAI-PNU/openmm-tutorial,https://github.com/NeuroAI-PNU/openmm-tutorial
Nithishwer/abflow,https://github.com/Nithishwer/abflow
OdinZhang/AI-Docking-Evaluation,https://github.com/OdinZhang/AI-Docking-Evaluation
Open-Catalyst-Project/om-data,https://github.com/Open-Catalyst-Project/om-data
OpenBioSim/biosimspace,https://github.com/OpenBioSim/biosimspace
OpenDrugDiscovery/openQMComputations,https://github.com/OpenDrugDiscovery/openQMComputations
OpenDrugDiscovery/openfractal-client,https://github.com/OpenDrugDiscovery/openfractal-client
OpenFreeEnergy/ExampleNotebooks,https://github.com/OpenFreeEnergy/ExampleNotebooks
OpenFreeEnergy/IndustryBenchmarks2024,https://github.com/OpenFreeEnergy/IndustryBenchmarks2024
OpenFreeEnergy/feflow,https://github.com/OpenFreeEnergy/feflow
OpenFreeEnergy/gufe,https://github.com/OpenFreeEnergy/gufe
OpenFreeEnergy/kartograf,https://github.com/OpenFreeEnergy/kartograf
OpenFreeEnergy/konnektor,https://github.com/OpenFreeEnergy/konnektor
OpenFreeEnergy/openfe,https://github.com/OpenFreeEnergy/openfe
OpenFreeEnergy/openfe-benchmarks,https://github.com/OpenFreeEnergy/openfe-benchmarks
OpenFreeEnergy/openfe-gromacs,https://github.com/OpenFreeEnergy/openfe-gromacs
OpenFreeEnergy/openfe_protocol_utils,https://github.com/OpenFreeEnergy/openfe_protocol_utils
OpenFreeEnergy/openfe_skunkworks,https://github.com/OpenFreeEnergy/openfe_skunkworks
OpenFreeEnergy/pontibus,https://github.com/OpenFreeEnergy/pontibus
PEFrankel/OpenFF-Bilayer,https://github.com/PEFrankel/OpenFF-Bilayer
PooleChem/Pyrite,https://github.com/PooleChem/Pyrite
Popov-Lab-UNC/mlimplicitsolvent-RAW,https://github.com/Popov-Lab-UNC/mlimplicitsolvent-RAW
Psivant/femto,https://github.com/Psivant/femto
QCMM/ffparaim,https://github.com/QCMM/ffparaim
QuaidAlchemy/quaid,https://github.com/QuaidAlchemy/quaid
Quantum-for-Life/fep,https://github.com/Quantum-for-Life/fep
Quantum-for-Life/openmmwrap,https://github.com/Quantum-for-Life/openmmwrap
RagnarB83/ash,https://github.com/RagnarB83/ash
RokasEl/DiastereomericResolutions,https://github.com/RokasEl/DiastereomericResolutions
SAKETH11111/MoML-CA,https://github.com/SAKETH11111/MoML-CA
SAMPEL-Group/solvent-inclusive-mlmm,https://github.com/SAMPEL-Group/solvent-inclusive-mlmm
SHervoe-Hansen/SI-Cavity-Formation,https://github.com/SHervoe-Hansen/SI-Cavity-Formation
SII-ZhangHui/MetalloDock,https://github.com/SII-ZhangHui/MetalloDock
SabariKumar/Spring2026_MLForChemicalSystems,https://github.com/SabariKumar/Spring2026_MLForChemicalSystems
Sadhvini26/CrystalGen,https://github.com/Sadhvini26/CrystalGen
SimonBoothroyd/absolv,https://github.com/SimonBoothroyd/absolv
SimonBoothroyd/befit,https://github.com/SimonBoothroyd/befit
SimonBoothroyd/binary-mixture-publication,https://github.com/SimonBoothroyd/binary-mixture-publication
SimonBoothroyd/descent-ff,https://github.com/SimonBoothroyd/descent-ff
SimonBoothroyd/gnn-charge-models,https://github.com/SimonBoothroyd/gnn-charge-models
SimonBoothroyd/molesp,https://github.com/SimonBoothroyd/molesp
SimonBoothroyd/nagl,https://github.com/SimonBoothroyd/nagl
SimonBoothroyd/nonbonded,https://github.com/SimonBoothroyd/nonbonded
SimonBoothroyd/tico,https://github.com/SimonBoothroyd/tico
SimonCrouzet/BindingMetrics,https://github.com/SimonCrouzet/BindingMetrics
Siri-chandanareddy21/Crystal,https://github.com/Siri-chandanareddy21/Crystal
SouravJoy/SOURAV-SHUKLA,https://github.com/SouravJoy/SOURAV-SHUKLA
SusannaDiV/shapesynth,https://github.com/SusannaDiV/shapesynth
SweeneyAaron/ChemEM,https://github.com/SweeneyAaron/ChemEM
THGLab/HiQBind,https://github.com/THGLab/HiQBind
Tenzo-0/SBProbMol3,https://github.com/Tenzo-0/SBProbMol3
TheHopeSharedFoundation/molecular-dynamics-tools,https://github.com/TheHopeSharedFoundation/molecular-dynamics-tools
TristanSJones/armadillo,https://github.com/TristanSJones/armadillo
UCL-CCS/TIES,https://github.com/UCL-CCS/TIES
UR-Free/OptimizePose,https://github.com/UR-Free/OptimizePose
VasilijEpishkin/chemnext,https://github.com/VasilijEpishkin/chemnext
WangXinyan940/rna-ligand-rest2,https://github.com/WangXinyan940/rna-ligand-rest2
XiangruiLi-Ray/enhanced_sampling_examples,https://github.com/XiangruiLi-Ray/enhanced_sampling_examples
Xinheng-He/DeepGlycanDock,https://github.com/Xinheng-He/DeepGlycanDock
XtalPi-XFF/2023_XFF_paper,https://github.com/XtalPi-XFF/2023_XFF_paper
Yoik/MD,https://github.com/Yoik/MD
Yoshanuikabundi/openff-binder,https://github.com/Yoshanuikabundi/openff-binder
Yoshanuikabundi/openff-pdbscan,https://github.com/Yoshanuikabundi/openff-pdbscan
aai-research-lab/FastMDSimulation,https://github.com/aai-research-lab/FastMDSimulation
abdulahadabro/Computer-aided-drug-discovery-Kit,https://github.com/abdulahadabro/Computer-aided-drug-discovery-Kit
adamlaho/AMLP,https://github.com/adamlaho/AMLP
aiscihub/valleyfeverresearch,https://github.com/aiscihub/valleyfeverresearch
ajfriedman22/PTP1B,https://github.com/ajfriedman22/PTP1B
ajfriedman22/SM_ConfGen,https://github.com/ajfriedman22/SM_ConfGen
ale94mleon/BindFlow,https://github.com/ale94mleon/BindFlow
ale94mleon/Palmiche,https://github.com/ale94mleon/Palmiche
ale94mleon/TOFF,https://github.com/ale94mleon/TOFF
alex-hh/in-silico-pgdh,https://github.com/alex-hh/in-silico-pgdh
alexisiddiqui/JAX-ENT,https://github.com/alexisiddiqui/JAX-ENT
amcisaac/geom_dash,https://github.com/amcisaac/geom_dash
amritashah/COBB-2035-Modern-Methods-in-Structure-Based-Drug-Discovery,https://github.com/amritashah/COBB-2035-Modern-Methods-in-Structure-Based-Drug-Discovery
amruthaB-Git/Teach-Open-Cadd_PAK1,https://github.com/amruthaB-Git/Teach-Open-Cadd_PAK1
amulyagarimella/fast-sequencing-AI-imputation,https://github.com/amulyagarimella/fast-sequencing-AI-imputation
anandojha/qmmmrebind,https://github.com/anandojha/qmmmrebind
andrewtarzia/topology_scrambler,https://github.com/andrewtarzia/topology_scrambler
arazthexd/molsberry,https://github.com/arazthexd/molsberry
architvasan/DrugScreeningPipeline,https://github.com/architvasan/DrugScreeningPipeline
architvasan/OpenMM_Tests_Sunspot,https://github.com/architvasan/OpenMM_Tests_Sunspot
architvasan/OpenMM_Workflow,https://github.com/architvasan/OpenMM_Workflow
architvasan/PeptideDesign_OMM,https://github.com/architvasan/PeptideDesign_OMM
architvasan/ProteinLigandMPI,https://github.com/architvasan/ProteinLigandMPI
architvasan/smallmolec_campaign,https://github.com/architvasan/smallmolec_campaign
asapdiscovery/asapdiscovery,https://github.com/asapdiscovery/asapdiscovery
atomCAD/atomCAD,https://github.com/atomCAD/atomCAD
axsk/ISOKANN.jl,https://github.com/axsk/ISOKANN.jl
azizsimx/Python-hub-crypto,https://github.com/azizsimx/Python-hub-crypto
babaid/nix-openmm-reaxff-env,https://github.com/babaid/nix-openmm-reaxff-env
barmoral/HW_openMM,https://github.com/barmoral/HW_openMM
barmoral/OpenMM_SPW,https://github.com/barmoral/OpenMM_SPW
barmoral/blanca-evaluator-cluster,https://github.com/barmoral/blanca-evaluator-cluster
barmoral/evaluator-SFEs,https://github.com/barmoral/evaluator-SFEs
barmoral/evaluator-ThermoML,https://github.com/barmoral/evaluator-ThermoML
barmoral/evaluator-blanca,https://github.com/barmoral/evaluator-blanca
barmoral/osmotic_calculations,https://github.com/barmoral/osmotic_calculations
bayer-science-for-a-better-life/abfe-benchmark,https://github.com/bayer-science-for-a-better-life/abfe-benchmark
ben-shor/DockFormer,https://github.com/ben-shor/DockFormer
benjfdup/pyclops,https://github.com/benjfdup/pyclops
bharath-raghavan/alchemist-nn,https://github.com/bharath-raghavan/alchemist-nn
bigginlab/ABFE_workflow,https://github.com/bigginlab/ABFE_workflow
biochemi/J_books,https://github.com/biochemi/J_books
bismuthadams1/ActiveLearningSandbox,https://github.com/bismuthadams1/ActiveLearningSandbox
bismuthadams1/ChargeAPI,https://github.com/bismuthadams1/ChargeAPI
bismuthadams1/ChargeCraft,https://github.com/bismuthadams1/ChargeCraft
bismuthadams1/advanced_esp_vis,https://github.com/bismuthadams1/advanced_esp_vis
bismuthadams1/charge_paper,https://github.com/bismuthadams1/charge_paper
blaso00/OpenFFGen,https://github.com/blaso00/OpenFFGen
bytedance/byteff,https://github.com/bytedance/byteff
cadenroberts/nersc-distributed-molecular-simulation,https://github.com/cadenroberts/nersc-distributed-molecular-simulation
cap-jmk-real/openmm-mixtures,https://github.com/cap-jmk-real/openmm-mixtures
carltonbiotec/Autodock_Results_sorter,https://github.com/carltonbiotec/Autodock_Results_sorter
ccdc-opensource/csd-md,https://github.com/ccdc-opensource/csd-md
chdominguez/easymd-horus,https://github.com/chdominguez/easymd-horus
chinge55/openmm_blog,https://github.com/chinge55/openmm_blog
chiyanglin-AStar/science_coding,https://github.com/chiyanglin-AStar/science_coding
choderalab/charge-datasets,https://github.com/choderalab/charge-datasets
choderalab/create-rna-nucleoside-dataset,https://github.com/choderalab/create-rna-nucleoside-dataset
choderalab/drugforge,https://github.com/choderalab/drugforge
choderalab/espaloma,https://github.com/choderalab/espaloma
choderalab/espaloma-charge,https://github.com/choderalab/espaloma-charge
choderalab/espalomax,https://github.com/choderalab/espalomax
choderalab/espfit,https://github.com/choderalab/espfit
choderalab/espfit-experiment,https://github.com/choderalab/espfit-experiment
choderalab/fah-xchem,https://github.com/choderalab/fah-xchem
choderalab/fah_prep,https://github.com/choderalab/fah_prep
choderalab/fragment-fold,https://github.com/choderalab/fragment-fold
choderalab/geometry-benchmark-espaloma,https://github.com/choderalab/geometry-benchmark-espaloma
choderalab/pale,https://github.com/choderalab/pale
choderalab/perses,https://github.com/choderalab/perses
choderalab/pl-benchmark-espaloma-experiment,https://github.com/choderalab/pl-benchmark-espaloma-experiment
choderalab/refit-espaloma,https://github.com/choderalab/refit-espaloma
choderalab/rna-espaloma,https://github.com/choderalab/rna-espaloma
choderalab/vanilla-espaloma-experiment,https://github.com/choderalab/vanilla-espaloma-experiment
cjacquemard/AutoAtomNN,https://github.com/cjacquemard/AutoAtomNN
cmelab/forcefields,https://github.com/cmelab/forcefields
cmelab/pl-validation,https://github.com/cmelab/pl-validation
colbyford/Influenza_A_2.3.4.4b_Analyses,https://github.com/colbyford/Influenza_A_2.3.4.4b_Analyses
cole-group/FEgrow,https://github.com/cole-group/FEgrow
cole-group/QUBE-SOMD-paper,https://github.com/cole-group/QUBE-SOMD-paper
cole-group/coding-retreat2022,https://github.com/cole-group/coding-retreat2022
cole-group/presto-benchmarking,https://github.com/cole-group/presto-benchmarking
compsciencelab/ATM_benchmark,https://github.com/compsciencelab/ATM_benchmark
conda-forge/de-forcefields-feedstock,https://github.com/conda-forge/de-forcefields-feedstock
conda-forge/openff-amber-ff-ports-feedstock,https://github.com/conda-forge/openff-amber-ff-ports-feedstock
conda-forge/openff-forcefields-feedstock,https://github.com/conda-forge/openff-forcefields-feedstock
conda-forge/openff-fragmenter-feedstock,https://github.com/conda-forge/openff-fragmenter-feedstock
conda-forge/openff-interchange-feedstock,https://github.com/conda-forge/openff-interchange-feedstock
conda-forge/openff-nagl-feedstock,https://github.com/conda-forge/openff-nagl-feedstock
conda-forge/openff-packmol-feedstock,https://github.com/conda-forge/openff-packmol-feedstock
conda-forge/openff-toolkit-feedstock,https://github.com/conda-forge/openff-toolkit-feedstock
conda-forge/openmmforcefields-feedstock,https://github.com/conda-forge/openmmforcefields-feedstock
connorblake1/CHEM313,https://github.com/connorblake1/CHEM313
connordavel/3d_equivalence_testing_final,https://github.com/connordavel/3d_equivalence_testing_final
connordavel/ELF_selection_tests,https://github.com/connordavel/ELF_selection_tests
connordavel/Minimum-Polymer-Tests,https://github.com/connordavel/Minimum-Polymer-Tests
connordavel/ambertools_am1_investigations,https://github.com/connordavel/ambertools_am1_investigations
connordavel/openff_polymer_testing,https://github.com/connordavel/openff_polymer_testing
coreytaylorcompchem/the_kitbag,https://github.com/coreytaylorcompchem/the_kitbag
cz2014/MatClaw,https://github.com/cz2014/MatClaw
czodrowskilab/5minfame,https://github.com/czodrowskilab/5minfame
czwiessler/sq-llm-docstring-gen-kt,https://github.com/czwiessler/sq-llm-docstring-gen-kt
darvincode/Thesis_Files,https://github.com/darvincode/Thesis_Files
davide-grheco/gbsa-pipeline,https://github.com/davide-grheco/gbsa-pipeline
deepsatflow/PDC,https://github.com/deepsatflow/PDC
degrado-lab/Ribbon-Containers,https://github.com/degrado-lab/Ribbon-Containers
degrado-lab/easyMD,https://github.com/degrado-lab/easyMD
desenyon/alcas-a1,https://github.com/desenyon/alcas-a1
dhakxls/ovm-pk,https://github.com/dhakxls/ovm-pk
dkoes/md-scripts,https://github.com/dkoes/md-scripts
dnauminator/comp-chem,https://github.com/dnauminator/comp-chem
dominicp6/mlmd,https://github.com/dominicp6/mlmd
donatiluca/MoKiTo,https://github.com/donatiluca/MoKiTo
drorlab/GLOW_IVES,https://github.com/drorlab/GLOW_IVES
dsuvlu/enantiomers,https://github.com/dsuvlu/enantiomers
elvispolimi/forcefield-condensation,https://github.com/elvispolimi/forcefield-condensation
eneskelestemur/MDSimulation,https://github.com/eneskelestemur/MDSimulation
essex-lab/grand-lig,https://github.com/essex-lab/grand-lig
essex-lab/grandlig-paper,https://github.com/essex-lab/grandlig-paper
evidencebp/pylint-intervention,https://github.com/evidencebp/pylint-intervention
fbrotzakis/Molecular_Dynamics_openmm,https://github.com/fbrotzakis/Molecular_Dynamics_openmm
fengshikun/SliDe,https://github.com/fengshikun/SliDe
ferreira68/STICkit,https://github.com/ferreira68/STICkit
fjclark/contorsion,https://github.com/fjclark/contorsion
fjclark/des-lj-fitting,https://github.com/fjclark/des-lj-fitting
fjclark/descent-workflow,https://github.com/fjclark/descent-workflow
fjclark/mace-omol-interaction-energies,https://github.com/fjclark/mace-omol-interaction-energies
fjclark/openff-smarts-matching-example,https://github.com/fjclark/openff-smarts-matching-example
forlilab/Meeko,https://github.com/forlilab/Meeko
forlilab/cosolvkit,https://github.com/forlilab/cosolvkit
forlilab/molscrub,https://github.com/forlilab/molscrub
fourmodern/toc_tutorial_colab,https://github.com/fourmodern/toc_tutorial_colab
francescopatane96/Computer_aided_drug_discovery_kit,https://github.com/francescopatane96/Computer_aided_drug_discovery_kit
fzlsfrv/7qrz_simulation,https://github.com/fzlsfrv/7qrz_simulation
fzlsfrv/Mor_simulation_,https://github.com/fzlsfrv/Mor_simulation_
gosldorf/Prod_Interchange,https://github.com/gosldorf/Prod_Interchange
graeter-group/grappa,https://github.com/graeter-group/grappa
greener-group/garnet,https://github.com/greener-group/garnet
greenrace666/biocolabs,https://github.com/greenrace666/biocolabs
hgbrian/biomodals,https://github.com/hgbrian/biomodals
hodakamori/ml-tutorial,https://github.com/hodakamori/ml-tutorial
honeyvig/byteff,https://github.com/honeyvig/byteff
hyf3513OneGO/polychain-generator,https://github.com/hyf3513OneGO/polychain-generator
ianfoster/catalysis,https://github.com/ianfoster/catalysis
icomse/7th_workshop_MD,https://github.com/icomse/7th_workshop_MD
infretis/infentory,https://github.com/infretis/infentory
infretis/inftools,https://github.com/infretis/inftools
ingcoder/unomd,https://github.com/ingcoder/unomd
inna-tsymb/structural_bioinformatics,https://github.com/inna-tsymb/structural_bioinformatics
isayevlab/Auto3D_pkg,https://github.com/isayevlab/Auto3D_pkg
itWangCode/AI-Drug-Discovery-Design,https://github.com/itWangCode/AI-Drug-Discovery-Design
iwatobipen/openmm_runner,https://github.com/iwatobipen/openmm_runner
j-degroot/ACMDD,https://github.com/j-degroot/ACMDD
jaclark5/MetaOMol25_org_smiles,https://github.com/jaclark5/MetaOMol25_org_smiles
jaclark5/Test_SPICE,https://github.com/jaclark5/Test_SPICE
jacob-votava/07_24_25_spider_webb_demo,https://github.com/jacob-votava/07_24_25_spider_webb_demo
jaeohshin/md_analysis,https://github.com/jaeohshin/md_analysis
jaketanderson/PCP1_MD,https://github.com/jaketanderson/PCP1_MD
jaketanderson/PL-ABFE-BRD4,https://github.com/jaketanderson/PL-ABFE-BRD4
jaketanderson/taproom-md,https://github.com/jaketanderson/taproom-md
janash/qcbrowse,https://github.com/janash/qcbrowse
janash/qcbrowser-prototype,https://github.com/janash/qcbrowser-prototype
jeevanbgc/molecularGlues,https://github.com/jeevanbgc/molecularGlues
jeff231li/HG-GBSA-Optimization,https://github.com/jeff231li/HG-GBSA-Optimization
jeff231li/random-scripts,https://github.com/jeff231li/random-scripts
jharrymoore/mace-md,https://github.com/jharrymoore/mace-md
jharrymoore/mace-openmm,https://github.com/jharrymoore/mace-openmm
joecampdb/codename_comodo,https://github.com/joecampdb/codename_comodo
joelaforet/polyzymd,https://github.com/joelaforet/polyzymd
joelaforet/polyzymd_builder,https://github.com/joelaforet/polyzymd_builder
jomga/MD_practice,https://github.com/jomga/MD_practice
josephdepaoloboisvert/ChiMPSS,https://github.com/josephdepaoloboisvert/ChiMPSS
jthorton/BespokeFit-PLB,https://github.com/jthorton/BespokeFit-PLB
jthorton/SPICE-SMEE,https://github.com/jthorton/SPICE-SMEE
jthorton/de-forcefields,https://github.com/jthorton/de-forcefields
jthorton/dim-smee,https://github.com/jthorton/dim-smee
jthorton/double-exp-vdw,https://github.com/jthorton/double-exp-vdw
jthorton/htf-tinker,https://github.com/jthorton/htf-tinker
jthorton/nagl-mbis,https://github.com/jthorton/nagl-mbis
jule-c/flowr,https://github.com/jule-c/flowr
jule-c/flowr_root,https://github.com/jule-c/flowr_root
jupotter37/JupOtter,https://github.com/jupotter37/JupOtter
kangk1204/duetscreen,https://github.com/kangk1204/duetscreen
kohbanye/fep-generation,https://github.com/kohbanye/fep-generation
kon-218/ligand-x,https://github.com/kon-218/ligand-x
kzfm/FMOkit,https://github.com/kzfm/FMOkit
labdao/halo,https://github.com/labdao/halo
leeping/forcebalance,https://github.com/leeping/forcebalance
lilyminium/alkane-vdw-fit,https://github.com/lilyminium/alkane-vdw-fit
lilyminium/ash-sage-rc1,https://github.com/lilyminium/ash-sage-rc1
lilyminium/evaluator-equilibration,https://github.com/lilyminium/evaluator-equilibration
lilyminium/fragment-chembl-data,https://github.com/lilyminium/fragment-chembl-data
lilyminium/interchange-simulations,https://github.com/lilyminium/interchange-simulations
lilyminium/investigating-ff-fitting-versions,https://github.com/lilyminium/investigating-ff-fitting-versions
lilyminium/nagl-am1bcc-model-fits,https://github.com/lilyminium/nagl-am1bcc-model-fits
lilyminium/nagl-mbis-refit,https://github.com/lilyminium/nagl-mbis-refit
lilyminium/openff-stats,https://github.com/lilyminium/openff-stats
lilyminium/openff-strike-team,https://github.com/lilyminium/openff-strike-team
lilyminium/polymetrizer,https://github.com/lilyminium/polymetrizer
lilyminium/profile-qc-data,https://github.com/lilyminium/profile-qc-data
lilyminium/protein-alpha-workbook,https://github.com/lilyminium/protein-alpha-workbook
lilyminium/protein-ff-fits,https://github.com/lilyminium/protein-ff-fits
lilyminium/qca-datasets-report,https://github.com/lilyminium/qca-datasets-report
lilyminium/sage-2.1.0-opc3,https://github.com/lilyminium/sage-2.1.0-opc3
lilyminium/scrapbook-projects,https://github.com/lilyminium/scrapbook-projects
lilyminium/snippets,https://github.com/lilyminium/snippets
lilyminium/thermoml-equilibration,https://github.com/lilyminium/thermoml-equilibration
lilyminium/valence-fitting,https://github.com/lilyminium/valence-fitting
lilyminium/water-properties-evaluator,https://github.com/lilyminium/water-properties-evaluator
ljmartin/ljmartin.github.io,https://github.com/ljmartin/ljmartin.github.io
louetadelie1/Medin,https://github.com/louetadelie1/Medin
lrmcdonnell/StructBio,https://github.com/lrmcdonnell/StructBio
lucl13/MD_scripts,https://github.com/lucl13/MD_scripts
lukasbaldauf/quantis,https://github.com/lukasbaldauf/quantis
luwei0917/DynamicBind,https://github.com/luwei0917/DynamicBind
lwhitm1/Shift_switch_free_energy,https://github.com/lwhitm1/Shift_switch_free_energy
maabuu/posebusters_em,https://github.com/maabuu/posebusters_em
maciek-wisniewski/MolecularDynamicsPipeline,https://github.com/maciek-wisniewski/MolecularDynamicsPipeline
madilynpaul/Espaloma-Validation,https://github.com/madilynpaul/Espaloma-Validation
magattaca/making-it-rain-jp,https://github.com/magattaca/making-it-rain-jp
maklecule/FLEXMD,https://github.com/maklecule/FLEXMD
maraxen/priox,https://github.com/maraxen/priox
maraxen/prolix,https://github.com/maraxen/prolix
maraxen/proxide,https://github.com/maraxen/proxide
martimunicoy/peleffy,https://github.com/martimunicoy/peleffy
martinez-zacharya/TRILL,https://github.com/martinez-zacharya/TRILL
materialsproject/atomate2,https://github.com/materialsproject/atomate2
materialsproject/pymatgen-core,https://github.com/materialsproject/pymatgen-core
mathilfiker/ml_for_charges,https://github.com/mathilfiker/ml_for_charges
matta-research-group/SwiftPol,https://github.com/matta-research-group/SwiftPol
matteoferla/DTC-compchem-practical,https://github.com/matteoferla/DTC-compchem-practical
matteoferla/Fragmenstein,https://github.com/matteoferla/Fragmenstein
matteoferla/Fragment-hit-follow-up-chemistry,https://github.com/matteoferla/Fragment-hit-follow-up-chemistry
mbdx6cw3/CSD-MD,https://github.com/mbdx6cw3/CSD-MD
mdsiamahmed26/Bioinformatics,https://github.com/mdsiamahmed26/Bioinformatics
meyresearch/EZDock,https://github.com/meyresearch/EZDock
michellab/AMMo,https://github.com/michellab/AMMo
michellab/BioSimSpace,https://github.com/michellab/BioSimSpace
michellab/Stapline,https://github.com/michellab/Stapline
michellab/emle-bespoke,https://github.com/michellab/emle-bespoke
michellab/fes-ml,https://github.com/michellab/fes-ml
mikemhenry/openfe-notebooks,https://github.com/mikemhenry/openfe-notebooks
milkman1017/Ribose-Chirality-MD,https://github.com/milkman1017/Ribose-Chirality-MD
mizuno-group/MolecularDynamics,https://github.com/mizuno-group/MolecularDynamics
mliu1204/clash_bot,https://github.com/mliu1204/clash_bot
mlmisha/openff-parametrization,https://github.com/mlmisha/openff-parametrization
modernatx/rna_theophylline_free_energy_calculations,https://github.com/modernatx/rna_theophylline_free_energy_calculations
molecularmodelinglab/bigbind,https://github.com/molecularmodelinglab/bigbind
molecularmodelinglab/lfm,https://github.com/molecularmodelinglab/lfm
molecularmodelinglab/plantain,https://github.com/molecularmodelinglab/plantain
molmod/openmm-tutorial-msbs,https://github.com/molmod/openmm-tutorial-msbs
momokchung/forcebalance,https://github.com/momokchung/forcebalance
mosdef-hub/foyer,https://github.com/mosdef-hub/foyer
muhammadhasyim/tps-diffusion-model,https://github.com/muhammadhasyim/tps-diffusion-model
n-kristovskiy/AI_param_tool,https://github.com/n-kristovskiy/AI_param_tool
naotriste-chenli/research-mlsr,https://github.com/naotriste-chenli/research-mlsr
nikitafedik/ml_tps_si,https://github.com/nikitafedik/ml_tps_si
ntBre/benchmarking,https://github.com/ntBre/benchmarking
ntBre/chembl-search,https://github.com/ntBre/chembl-search
ntBre/coprelos,https://github.com/ntBre/coprelos
ntBre/cura,https://github.com/ntBre/cura
ntBre/curato,https://github.com/ntBre/curato
ntBre/fast-filter,https://github.com/ntBre/fast-filter
ntBre/garage-door,https://github.com/ntBre/garage-door
ntBre/lipoma,https://github.com/ntBre/lipoma
ntBre/vflib,https://github.com/ntBre/vflib
numpde/playground,https://github.com/numpde/playground
ocmadin/LJ_surrogates,https://github.com/ocmadin/LJ_surrogates
oess/orionmdcore,https://github.com/oess/orionmdcore
ojcharles/notebooks,https://github.com/ojcharles/notebooks
olsson-group/sma-md,https://github.com/olsson-group/sma-md
olsson-group/thermodynamic-interpolation,https://github.com/olsson-group/thermodynamic-interpolation
olsson-group/transBG,https://github.com/olsson-group/transBG
omsf/OpenPharmMDFlow,https://github.com/omsf/OpenPharmMDFlow
omsf/joint-demo,https://github.com/omsf/joint-demo
openforcefield/2021-benchmarking-workshop,https://github.com/openforcefield/2021-benchmarking-workshop
openforcefield/2023-workshop-vignettes,https://github.com/openforcefield/2023-workshop-vignettes
openforcefield/2026-virtual-workshops,https://github.com/openforcefield/2026-virtual-workshops
openforcefield/MPID_plugin,https://github.com/openforcefield/MPID_plugin
openforcefield/amber-ff-porting,https://github.com/openforcefield/amber-ff-porting
openforcefield/anything-goes,https://github.com/openforcefield/anything-goes
openforcefield/ash-sage-rc2,https://github.com/openforcefield/ash-sage-rc2
openforcefield/ashgc-v1.0-fit,https://github.com/openforcefield/ashgc-v1.0-fit
openforcefield/back-to-school-jen,https://github.com/openforcefield/back-to-school-jen
openforcefield/back-to-school-josh,https://github.com/openforcefield/back-to-school-josh
openforcefield/back-to-school-matt,https://github.com/openforcefield/back-to-school-matt
openforcefield/besmarts-smee-refit,https://github.com/openforcefield/besmarts-smee-refit
openforcefield/ccpbiosim-2023,https://github.com/openforcefield/ccpbiosim-2023
openforcefield/cheminformatics-toolkit-equivalence,https://github.com/openforcefield/cheminformatics-toolkit-equivalence
openforcefield/descent,https://github.com/openforcefield/descent
openforcefield/dimsim,https://github.com/openforcefield/dimsim
openforcefield/diverse-dataset-discovery,https://github.com/openforcefield/diverse-dataset-discovery
openforcefield/interchange-regression-testing,https://github.com/openforcefield/interchange-regression-testing
openforcefield/interchange-workshop-2022,https://github.com/openforcefield/interchange-workshop-2022
openforcefield/openff-amber-ff-ports,https://github.com/openforcefield/openff-amber-ff-ports
openforcefield/openff-bespokefit,https://github.com/openforcefield/openff-bespokefit
openforcefield/openff-docs,https://github.com/openforcefield/openff-docs
openforcefield/openff-evaluator,https://github.com/openforcefield/openff-evaluator
openforcefield/openff-forcefields,https://github.com/openforcefield/openff-forcefields
openforcefield/openff-fragmenter,https://github.com/openforcefield/openff-fragmenter
openforcefield/openff-interchange,https://github.com/openforcefield/openff-interchange
openforcefield/openff-nagl,https://github.com/openforcefield/openff-nagl
openforcefield/openff-nagl-models,https://github.com/openforcefield/openff-nagl-models
openforcefield/openff-pablo,https://github.com/openforcefield/openff-pablo
openforcefield/openff-packmol,https://github.com/openforcefield/openff-packmol
openforcefield/openff-qcsubmit,https://github.com/openforcefield/openff-qcsubmit
openforcefield/openff-recharge,https://github.com/openforcefield/openff-recharge
openforcefield/openff-reference,https://github.com/openforcefield/openff-reference
openforcefield/openff-sage,https://github.com/openforcefield/openff-sage
openforcefield/openff-sphinx-theme,https://github.com/openforcefield/openff-sphinx-theme
openforcefield/openff-toolkit,https://github.com/openforcefield/openff-toolkit
openforcefield/openff-units,https://github.com/openforcefield/openff-units
openforcefield/openff-utilities,https://github.com/openforcefield/openff-utilities
openforcefield/polymer_examples,https://github.com/openforcefield/polymer_examples
openforcefield/protein-ligand-benchmark,https://github.com/openforcefield/protein-ligand-benchmark
openforcefield/protein-nmr-fit,https://github.com/openforcefield/protein-nmr-fit
openforcefield/protein-param-fit,https://github.com/openforcefield/protein-param-fit
openforcefield/proteinbenchmark,https://github.com/openforcefield/proteinbenchmark
openforcefield/ptm_prototype,https://github.com/openforcefield/ptm_prototype
openforcefield/qca-dataset-submission,https://github.com/openforcefield/qca-dataset-submission
openforcefield/qca-dataset-submission-next-test,https://github.com/openforcefield/qca-dataset-submission-next-test
openforcefield/rdkit_ugm_2024_demo,https://github.com/openforcefield/rdkit_ugm_2024_demo
openforcefield/rdkit_ugm_2025_demo,https://github.com/openforcefield/rdkit_ugm_2025_demo
openforcefield/sage-2.1.0,https://github.com/openforcefield/sage-2.1.0
openforcefield/sage-2.2.0,https://github.com/openforcefield/sage-2.2.0
openforcefield/sage-2.2.1,https://github.com/openforcefield/sage-2.2.1
openforcefield/sage-2.3.0,https://github.com/openforcefield/sage-2.3.0
openforcefield/smee,https://github.com/openforcefield/smee
openforcefield/smirnoff-plugins,https://github.com/openforcefield/smirnoff-plugins
openforcefield/symposium_2024_demo,https://github.com/openforcefield/symposium_2024_demo
openforcefield/yammbs,https://github.com/openforcefield/yammbs
openforcefield/yammbs-dataset-submission,https://github.com/openforcefield/yammbs-dataset-submission
openkinome/kinoml,https://github.com/openkinome/kinoml
openmm/nutmeg,https://github.com/openmm/nutmeg
openmm/openmm_workshops,https://github.com/openmm/openmm_workshops
openmm/openmmforcefields,https://github.com/openmm/openmmforcefields
openmm/spice-dataset,https://github.com/openmm/spice-dataset
openmm/spice-models,https://github.com/openmm/spice-models
orionarcher/pymatgen-io-openmm,https://github.com/orionarcher/pymatgen-io-openmm
osram90/whisper,https://github.com/osram90/whisper
otunmartins/FRIDGEFREENET,https://github.com/otunmartins/FRIDGEFREENET
pablo-arantes/Cloud-Bind,https://github.com/pablo-arantes/Cloud-Bind
pablo-arantes/EGB_2023,https://github.com/pablo-arantes/EGB_2023
pablo-arantes/making-it-rain,https://github.com/pablo-arantes/making-it-rain
patrickbryant1/Cfold,https://github.com/patrickbryant1/Cfold
patrickbryant1/Umol,https://github.com/patrickbryant1/Umol
pavankum/NSP_sets,https://github.com/pavankum/NSP_sets
pavankum/SFE_Calcs,https://github.com/pavankum/SFE_Calcs
pavankum/mlip_optimizer,https://github.com/pavankum/mlip_optimizer
peastman/mlipbenchmarks,https://github.com/peastman/mlipbenchmarks
pengxingang/PocketXMol,https://github.com/pengxingang/PocketXMol
pitmanme/system_builder,https://github.com/pitmanme/system_builder
plainerman/DiffDock-Pocket,https://github.com/plainerman/DiffDock-Pocket
poclab-web/streamlit-pyscf,https://github.com/poclab-web/streamlit-pyscf
pokynmr/POKY,https://github.com/pokynmr/POKY
prefix-dev/rattler-build-parser-tests,https://github.com/prefix-dev/rattler-build-parser-tests
pruethemann/squeezemd,https://github.com/pruethemann/squeezemd
quantaosun/Dock-MD-FEP,https://github.com/quantaosun/Dock-MD-FEP
quantaosun/pl3_gmx_mmpbsa,https://github.com/quantaosun/pl3_gmx_mmpbsa
quantaosun/pl4,https://github.com/quantaosun/pl4
quantaosun/webdock,https://github.com/quantaosun/webdock
qubekit/QUBEKit,https://github.com/qubekit/QUBEKit
qusers/Q,https://github.com/qusers/Q
rayhanmp/PIGNet2-Thesis,https://github.com/rayhanmp/PIGNet2-Thesis
resting-dove/funm,https://github.com/resting-dove/funm
rhjvanworkum/virtual_reactions,https://github.com/rhjvanworkum/virtual_reactions
rinikerlab/ANA2B,https://github.com/rinikerlab/ANA2B
rinikerlab/DASH-tree,https://github.com/rinikerlab/DASH-tree
rinikerlab/GNNImplicitSolvent,https://github.com/rinikerlab/GNNImplicitSolvent
rinikerlab/MD_and_NMR_Relaxometry,https://github.com/rinikerlab/MD_and_NMR_Relaxometry
rinikerlab/PyGromosTools,https://github.com/rinikerlab/PyGromosTools
rinikerlab/QM-GNNIS,https://github.com/rinikerlab/QM-GNNIS
rinikerlab/TorsionMotifTorsionAngleDistributions,https://github.com/rinikerlab/TorsionMotifTorsionAngleDistributions
rinikerlab/amp_bms,https://github.com/rinikerlab/amp_bms
rinikerlab/customETKDG,https://github.com/rinikerlab/customETKDG
rinikerlab/macrocycle-ff-validation,https://github.com/rinikerlab/macrocycle-ff-validation
rinikerlab/mdfptools,https://github.com/rinikerlab/mdfptools
rinikerlab/reeds_applications,https://github.com/rinikerlab/reeds_applications
rinikerlab/rest2_ampmm,https://github.com/rinikerlab/rest2_ampmm
rohitium/nnrti-mechanisms,https://github.com/rohitium/nnrti-mechanisms
rotskoff-group/sc_committor_rates,https://github.com/rotskoff-group/sc_committor_rates
rudraprsd/custom_pymatgen,https://github.com/rudraprsd/custom_pymatgen
samuelmurail/Pep-Edit_ST,https://github.com/samuelmurail/Pep-Edit_ST
schallerdavid/mdscripts,https://github.com/schallerdavid/mdscripts
scipion-chem/scipion-chem-openmm,https://github.com/scipion-chem/scipion-chem-openmm
seekrcentral/seekrflow,https://github.com/seekrcentral/seekrflow
shehan807/MMomentA,https://github.com/shehan807/MMomentA
shehan807/mpfit-python,https://github.com/shehan807/mpfit-python
shehan807/pympfit,https://github.com/shehan807/pympfit
shirtsgroup/LLC_CG_build,https://github.com/shirtsgroup/LLC_CG_build
shirtsgroup/openff_examples,https://github.com/shirtsgroup/openff_examples
shirtsgroup/terphenyl_simulations,https://github.com/shirtsgroup/terphenyl_simulations
shogo-d-nakamura/MCP_Vina,https://github.com/shogo-d-nakamura/MCP_Vina
slochower/host-guest-benchmarks,https://github.com/slochower/host-guest-benchmarks
soulong/myScript,https://github.com/soulong/myScript
space-group-research/phast-forcefields,https://github.com/space-group-research/phast-forcefields
stef41/sentience2vec,https://github.com/stef41/sentience2vec
suleymanselim/AutoEnthalpy,https://github.com/suleymanselim/AutoEnthalpy
suleymanselim/ssBind,https://github.com/suleymanselim/ssBind
swillow/pdb2amber,https://github.com/swillow/pdb2amber
talagayev/OpenFE_Setup,https://github.com/talagayev/OpenFE_Setup
tdudgeon/simple-simulate-complex,https://github.com/tdudgeon/simple-simulate-complex
thomasjamespope/bespokefit_smee,https://github.com/thomasjamespope/bespokefit_smee
timbernat/WaSP_simulations,https://github.com/timbernat/WaSP_simulations
timbernat/polymerist,https://github.com/timbernat/polymerist
timbernat/polymerist_examples,https://github.com/timbernat/polymerist_examples
tiny-org/soap-sim,https://github.com/tiny-org/soap-sim
ubccr/ccr-examples,https://github.com/ubccr/ccr-examples
uibcdf/Academia,https://github.com/uibcdf/Academia
uibcdf/OpenPharmacophore-Tools,https://github.com/uibcdf/OpenPharmacophore-Tools
uibcdf/molsysmt,https://github.com/uibcdf/molsysmt
ur-whitelab/MDCrow,https://github.com/ur-whitelab/MDCrow
v365747/GraphCoarseningGNN,https://github.com/v365747/GraphCoarseningGNN
volkamerlab/teachopencadd,https://github.com/volkamerlab/teachopencadd
vvoelz/md_demo,https://github.com/vvoelz/md_demo
webbtheosim/GAMERS,https://github.com/webbtheosim/GAMERS
webbtheosim/md-simulation-files,https://github.com/webbtheosim/md-simulation-files
westpa/westpa2_tutorials,https://github.com/westpa/westpa2_tutorials
wiederm/endstate_correction,https://github.com/wiederm/endstate_correction
wiederm/notebooks,https://github.com/wiederm/notebooks
wolberlab/OpenMMDL,https://github.com/wolberlab/OpenMMDL
woshuizhaole/MicrostateLedger2,https://github.com/woshuizhaole/MicrostateLedger2
wutobias/BayesTyper,https://github.com/wutobias/BayesTyper
wutobias/xtalmd-scripts,https://github.com/wutobias/xtalmd-scripts
wwilla7/alphas-quicksteps,https://github.com/wwilla7/alphas-quicksteps
wwilla7/dpol-water,https://github.com/wwilla7/dpol-water
wwilla7/dpolfit,https://github.com/wwilla7/dpolfit
wwilla7/factorpol,https://github.com/wwilla7/factorpol
wwilla7/factorpol-benchmarks-scripts,https://github.com/wwilla7/factorpol-benchmarks-scripts
xuwenwu/molssi,https://github.com/xuwenwu/molssi
xxdnb123/generative_model_25fall,https://github.com/xxdnb123/generative_model_25fall
yaledeus/PVB,https://github.com/yaledeus/PVB
yashpatel5400/clean_idp_rl,https://github.com/yashpatel5400/clean_idp_rl
yasuyuki-kourogi/hsa-binding-pose-ml,https://github.com/yasuyuki-kourogi/hsa-binding-pose-ml
yipy0005/Basic-Molecular-Docking-Workshop,https://github.com/yipy0005/Basic-Molecular-Docking-Workshop
youjibiying/UnbindingFlow,https://github.com/youjibiying/UnbindingFlow
yousafmaha7/ACPPred-ESM2,https://github.com/yousafmaha7/ACPPred-ESM2
yteshirogi/openmm_md,https://github.com/yteshirogi/openmm_md
yuanqing-wang/compchem-class,https://github.com/yuanqing-wang/compchem-class
yuanqing-wang/mudslide,https://github.com/yuanqing-wang/mudslide
yuanqing-wang/mule,https://github.com/yuanqing-wang/mule
yuanqing-wang/rye,https://github.com/yuanqing-wang/rye
yuxuanzhuang/batter,https://github.com/yuxuanzhuang/batter
yxnyu/SakePP,https://github.com/yxnyu/SakePP
zguo235/af3_egfr,https://github.com/zguo235/af3_egfr
zhang-ivy/perses_protein_mutations,https://github.com/zhang-ivy/perses_protein_mutations
zy-cmd/BindRNAgen,https://github.com/zy-cmd/BindRNAgen
